oos_period,variant,row_model,col_model,adjacency
20,legacy,1,1,0.0
20,legacy,1,2,9010.063444897738
20,legacy,1,3,6.354453763430312
20,legacy,1,4,19749.638350759946
20,legacy,2,1,0.0
20,legacy,2,2,0.0
20,legacy,2,3,2.0792071010170017
20,legacy,2,4,6192.130836046736
20,legacy,3,1,0.0
20,legacy,3,2,0.0
20,legacy,3,3,0.0
20,legacy,3,4,3.677038965076831
20,legacy,4,1,0.0
20,legacy,4,2,0.0
20,legacy,4,3,0.0
20,legacy,4,4,0.0
21,legacy,1,1,0.0
21,legacy,1,2,8.04420261375019
21,legacy,1,3,1.9954613150990204
21,legacy,1,4,3465.3465346534435
21,legacy,2,1,0.0
21,legacy,2,2,0.0
21,legacy,2,3,0.0
21,legacy,2,4,0.0
21,legacy,3,1,0.0
21,legacy,3,2,27447.897018609237
21,legacy,3,3,0.0
21,legacy,3,4,6.91791277165481
21,legacy,4,1,0.0
21,legacy,4,2,10354.49287502745
21,legacy,4,3,0.0
21,legacy,4,4,0.0
22,legacy,1,1,0.0
22,legacy,1,2,1.1705585792503983
22,legacy,1,3,2.5104074622451082
22,legacy,1,4,95.88437931738993
22,legacy,2,1,0.0
22,legacy,2,2,0.0
22,legacy,2,3,0.3205684309675348
22,legacy,2,4,0.12792343426043676
22,legacy,3,1,0.0
22,legacy,3,2,0.0
22,legacy,3,3,0.0
22,legacy,3,4,938.6580468844425
22,legacy,4,1,0.0
22,legacy,4,2,0.0
22,legacy,4,3,0.0
22,legacy,4,4,0.0
23,legacy,1,1,0.0
23,legacy,1,2,0.0
23,legacy,1,3,0.0
23,legacy,1,4,0.0
23,legacy,2,1,14561.492916953106
23,legacy,2,2,0.0
23,legacy,2,3,0.3281911121205747
23,legacy,2,4,18019.444569233707
23,legacy,3,1,150.4192174359881
23,legacy,3,2,0.0
23,legacy,3,3,0.0
23,legacy,3,4,4.785945880675234
23,legacy,4,1,93139.35318024816
23,legacy,4,2,0.0
23,legacy,4,3,0.0
23,legacy,4,4,0.0
24,legacy,1,1,0.0
24,legacy,1,2,386.7271402831983
24,legacy,1,3,0.0
24,legacy,1,4,0.0
24,legacy,2,1,0.0
24,legacy,2,2,0.0
24,legacy,2,3,0.27504720319963893
24,legacy,2,4,0.0
24,legacy,3,1,0.03387360357110501
24,legacy,3,2,0.0
24,legacy,3,3,0.0
24,legacy,3,4,0.03996655424524791
24,legacy,4,1,0.0
24,legacy,4,2,386.7271402831983
24,legacy,4,3,0.0
24,legacy,4,4,0.0
25,legacy,1,1,0.0
25,legacy,1,2,0.0
25,legacy,1,3,0.0
25,legacy,1,4,0.0
25,legacy,2,1,448.56668582029016
25,legacy,2,2,0.0
25,legacy,2,3,0.0
25,legacy,2,4,25881.151475286828
25,legacy,3,1,34.21955623545138
25,legacy,3,2,0.09659283655711076
25,legacy,3,3,0.0
25,legacy,3,4,0.0
25,legacy,4,1,2152.546444355146
25,legacy,4,2,0.0
25,legacy,4,3,388.51203550399305
25,legacy,4,4,0.0
26,legacy,1,1,0.0
26,legacy,1,2,0.0
26,legacy,1,3,685.3282178661847
26,legacy,1,4,0.0
26,legacy,2,1,419.26411493692837
26,legacy,2,2,0.0
26,legacy,2,3,0.0
26,legacy,2,4,0.0
26,legacy,3,1,0.0
26,legacy,3,2,2103.2315765020626
26,legacy,3,3,0.0
26,legacy,3,4,0.0
26,legacy,4,1,0.0
26,legacy,4,2,0.0
26,legacy,4,3,1.361369398892726
26,legacy,4,4,0.0
27,legacy,1,1,0.0
27,legacy,1,2,1760.0514937904695
27,legacy,1,3,39.15958813994313
27,legacy,1,4,133.37219330810387
27,legacy,2,1,0.0
27,legacy,2,2,0.0
27,legacy,2,3,0.0
27,legacy,2,4,0.0
27,legacy,3,1,0.0
27,legacy,3,2,2267.163545665742
27,legacy,3,3,0.0
27,legacy,3,4,33.06597762353978
27,legacy,4,1,0.0
27,legacy,4,2,265.6393905512346
27,legacy,4,3,0.0
27,legacy,4,4,0.0
28,legacy,1,1,0.0
28,legacy,1,2,9.832477616443406
28,legacy,1,3,0.0
28,legacy,1,4,1093.0332483998466
28,legacy,2,1,0.0
28,legacy,2,2,0.0
28,legacy,2,3,0.0
28,legacy,2,4,2795.972653104729
28,legacy,3,1,3216.6633199980843
28,legacy,3,2,3161.773408799068
28,legacy,3,3,0.0
28,legacy,3,4,2985.18814251636
28,legacy,4,1,0.0
28,legacy,4,2,0.0
28,legacy,4,3,0.0
28,legacy,4,4,0.0
29,legacy,1,1,0.0
29,legacy,1,2,0.0
29,legacy,1,3,0.0
29,legacy,1,4,545.7452037559614
29,legacy,2,1,0.6947106529277018
29,legacy,2,2,0.0
29,legacy,2,3,0.0
29,legacy,2,4,6590.680334328896
29,legacy,3,1,567.5365613676704
29,legacy,3,2,1875.4814703493091
29,legacy,3,3,0.0
29,legacy,3,4,0.0
29,legacy,4,1,0.0
29,legacy,4,2,0.0
29,legacy,4,3,20788.50111093517
29,legacy,4,4,0.0
30,legacy,1,1,0.0
30,legacy,1,2,0.0
30,legacy,1,3,0.24439822252775445
30,legacy,1,4,0.0
30,legacy,2,1,1521.360066633548
30,legacy,2,2,0.0
30,legacy,2,3,0.0
30,legacy,2,4,0.0
30,legacy,3,1,0.0
30,legacy,3,2,1143.667315422882
30,legacy,3,3,0.0
30,legacy,3,4,0.01804384115538037
30,legacy,4,1,687.633886650329
30,legacy,4,2,0.0
30,legacy,4,3,0.0
30,legacy,4,4,0.0
31,legacy,1,1,0.0
31,legacy,1,2,0.0
31,legacy,1,3,0.0
31,legacy,1,4,0.0
31,legacy,2,1,1794.70224523657
31,legacy,2,2,0.0
31,legacy,2,3,0.0
31,legacy,2,4,0.0
31,legacy,3,1,0.0
31,legacy,3,2,0.11954800059432356
31,legacy,3,3,0.0
31,legacy,3,4,0.0
31,legacy,4,1,81.68975306334195
31,legacy,4,2,219.80198019801966
31,legacy,4,3,81.68975306334195
31,legacy,4,4,0.0
32,legacy,1,1,0.0
32,legacy,1,2,1.2456031070901576
32,legacy,1,3,1.165200581584882e-14
32,legacy,1,4,1.1274161204621943e-14
32,legacy,2,1,0.0
32,legacy,2,2,0.0
32,legacy,2,3,0.0
32,legacy,2,4,109.90099009901014
32,legacy,3,1,0.0
32,legacy,3,2,0.04286230782112237
32,legacy,3,3,0.0
32,legacy,3,4,6.832407522943874e-14
32,legacy,4,1,0.0
32,legacy,4,2,0.0
32,legacy,4,3,0.0
32,legacy,4,4,0.0
33,legacy,1,1,0.0
33,legacy,1,2,0.0
33,legacy,1,3,0.0
33,legacy,1,4,0.0
33,legacy,2,1,4.6309565559489805
33,legacy,2,2,0.0
33,legacy,2,3,1310.1681803855347
33,legacy,2,4,0.0
33,legacy,3,1,568.0177616170763
33,legacy,3,2,0.0
33,legacy,3,3,0.0
33,legacy,3,4,0.0
33,legacy,4,1,1776.261927563215
33,legacy,4,2,2970.297029702976
33,legacy,4,3,1.0942988713063757
33,legacy,4,4,0.0
34,legacy,1,1,0.0
34,legacy,1,2,0.0
34,legacy,1,3,0.0
34,legacy,1,4,384.7622886221527
34,legacy,2,1,0.8165127104616262
34,legacy,2,2,0.0
34,legacy,2,3,0.3923152743210029
34,legacy,2,4,384.7622886221527
34,legacy,3,1,346.68539258920777
34,legacy,3,2,0.0
34,legacy,3,3,0.0
34,legacy,3,4,0.0
34,legacy,4,1,0.0
34,legacy,4,2,0.0
34,legacy,4,3,0.03809176835417904
34,legacy,4,4,0.0
35,legacy,1,1,0.0
35,legacy,1,2,88.96598203297857
35,legacy,1,3,2.0745106019409496
35,legacy,1,4,5340.029133854299
35,legacy,2,1,0.0
35,legacy,2,2,0.0
35,legacy,2,3,0.6194518833518973
35,legacy,2,4,11686.79400296595
35,legacy,3,1,0.0
35,legacy,3,2,0.0
35,legacy,3,3,0.0
35,legacy,3,4,3794.227711941328
35,legacy,4,1,0.0
35,legacy,4,2,0.0
35,legacy,4,3,0.0
35,legacy,4,4,0.0
36,legacy,1,1,0.0
36,legacy,1,2,0.0
36,legacy,1,3,0.0
36,legacy,1,4,2.237123428924698
36,legacy,2,1,2785.102796224426
36,legacy,2,2,0.0
36,legacy,2,3,0.6903976206221416
36,legacy,2,4,4565.8316246918575
36,legacy,3,1,1.1314390894273185
36,legacy,3,2,0.0
36,legacy,3,3,0.0
36,legacy,3,4,7630.289932522695
36,legacy,4,1,0.0
36,legacy,4,2,0.0
36,legacy,4,3,0.0
36,legacy,4,4,0.0
37,legacy,1,1,0.0
37,legacy,1,2,0.0
37,legacy,1,3,0.0
37,legacy,1,4,8.953922527366572
37,legacy,2,1,0.1391084606172819
37,legacy,2,2,0.0
37,legacy,2,3,0.4361014558449469
37,legacy,2,4,5.579874016561227
37,legacy,3,1,7899.296210755237
37,legacy,3,2,0.0
37,legacy,3,3,0.0
37,legacy,3,4,3.728251924697309
37,legacy,4,1,0.0
37,legacy,4,2,0.0
37,legacy,4,3,0.0
37,legacy,4,4,0.0
38,legacy,1,1,0.0
38,legacy,1,2,0.0
38,legacy,1,3,0.0875209529380335
38,legacy,1,4,2325.4765294366853
38,legacy,2,1,0.17688972189299026
38,legacy,2,2,0.0
38,legacy,2,3,0.0
38,legacy,2,4,2.4055153837573027
38,legacy,3,1,0.0
38,legacy,3,2,0.6521285543250095
38,legacy,3,3,0.0
38,legacy,3,4,0.14121852862391585
38,legacy,4,1,0.0
38,legacy,4,2,0.0
38,legacy,4,3,0.0
38,legacy,4,4,0.0
39,legacy,1,1,0.0
39,legacy,1,2,0.0
39,legacy,1,3,0.0
39,legacy,1,4,0.0
39,legacy,2,1,4.3180021021423665
39,legacy,2,2,0.0
39,legacy,2,3,0.4143885407367746
39,legacy,2,4,0.0
39,legacy,3,1,6612.119327429282
39,legacy,3,2,0.0
39,legacy,3,3,0.0
39,legacy,3,4,0.0
39,legacy,4,1,36378.96060501615
39,legacy,4,2,0.014173319330499028
39,legacy,4,3,8331.350495078688
39,legacy,4,4,0.0
40,legacy,1,1,0.0
40,legacy,1,2,0.0
40,legacy,1,3,0.0
40,legacy,1,4,27.502750275027097
40,legacy,2,1,0.05529398111069005
40,legacy,2,2,0.0
40,legacy,2,3,0.35882750324623436
40,legacy,2,4,0.0
40,legacy,3,1,3.5584947364582153
40,legacy,3,2,0.0
40,legacy,3,3,0.0
40,legacy,3,4,0.0
40,legacy,4,1,0.0
40,legacy,4,2,12313.300536130528
40,legacy,4,3,13203.232704160822
40,legacy,4,4,0.0
41,legacy,1,1,0.0
41,legacy,1,2,5.455373611722599
41,legacy,1,3,6.606561215471131
41,legacy,1,4,0.0
41,legacy,2,1,0.0
41,legacy,2,2,0.0
41,legacy,2,3,0.49808497558795667
41,legacy,2,4,0.0
41,legacy,3,1,0.0
41,legacy,3,2,0.0
41,legacy,3,3,0.0
41,legacy,3,4,0.0
41,legacy,4,1,3.0009665856620593
41,legacy,4,2,15304.950495049543
41,legacy,4,3,4.660795640934529
41,legacy,4,4,0.0
42,legacy,1,1,0.0
42,legacy,1,2,0.0
42,legacy,1,3,0.0
42,legacy,1,4,0.0
42,legacy,2,1,2.9325979902106476
42,legacy,2,2,0.0
42,legacy,2,3,0.6764081381831875
42,legacy,2,4,0.0
42,legacy,3,1,56318.660571312874
42,legacy,3,2,0.0
42,legacy,3,3,0.0
42,legacy,3,4,0.0
42,legacy,4,1,6.415738714805001
42,legacy,4,2,9.287922787364534
42,legacy,4,3,9.147635317444884
42,legacy,4,4,0.0
43,legacy,1,1,0.0
43,legacy,1,2,0.06066710741903247
43,legacy,1,3,5.325285340997234
43,legacy,1,4,0.0
43,legacy,2,1,0.0
43,legacy,2,2,0.0
43,legacy,2,3,7.592753410562372
43,legacy,2,4,0.0
43,legacy,3,1,0.0
43,legacy,3,2,0.0
43,legacy,3,3,0.0
43,legacy,3,4,0.0
43,legacy,4,1,0.09751542306714221
43,legacy,4,2,0.8637461869653305
43,legacy,4,3,0.3644519962866726
43,legacy,4,4,0.0
44,legacy,1,1,0.0
44,legacy,1,2,139269.63422738927
44,legacy,1,3,0.0
44,legacy,1,4,148702.69581940077
44,legacy,2,1,0.0
44,legacy,2,2,0.0
44,legacy,2,3,21.260046465058608
44,legacy,2,4,15924.362489612296
44,legacy,3,1,149.5472054553087
44,legacy,3,2,0.0
44,legacy,3,3,0.0
44,legacy,3,4,0.0
44,legacy,4,1,0.0
44,legacy,4,2,0.0
44,legacy,4,3,16872.522209592993
44,legacy,4,4,0.0
45,legacy,1,1,0.0
45,legacy,1,2,1.8147701475975055
45,legacy,1,3,0.0
45,legacy,1,4,2.0901424156747384
45,legacy,2,1,0.0
45,legacy,2,2,0.0
45,legacy,2,3,0.11683048238597273
45,legacy,2,4,0.0
45,legacy,3,1,0.5425386811908893
45,legacy,3,2,0.0
45,legacy,3,3,0.0
45,legacy,3,4,4.1503843405401115
45,legacy,4,1,0.0
45,legacy,4,2,4.950349043491723
45,legacy,4,3,0.0
45,legacy,4,4,0.0
46,legacy,1,1,0.0
46,legacy,1,2,0.0
46,legacy,1,3,0.0
46,legacy,1,4,134373.05834754196
46,legacy,2,1,2.9367892031789826
46,legacy,2,2,0.0
46,legacy,2,3,0.0
46,legacy,2,4,0.1681918834548692
46,legacy,3,1,5.693002894063309
46,legacy,3,2,99382.82372169636
46,legacy,3,3,0.0
46,legacy,3,4,20.994173253691866
46,legacy,4,1,0.0
46,legacy,4,2,0.0
46,legacy,4,3,0.0
46,legacy,4,4,0.0
47,legacy,1,1,0.0
47,legacy,1,2,1.2101161673938987
47,legacy,1,3,0.0
47,legacy,1,4,8.25807768127186
47,legacy,2,1,0.0
47,legacy,2,2,0.0
47,legacy,2,3,0.0
47,legacy,2,4,0.13004826161488786
47,legacy,3,1,47221.61214637351
47,legacy,3,2,26.585521928170547
47,legacy,3,3,0.0
47,legacy,3,4,8.674846436804975
47,legacy,4,1,0.0
47,legacy,4,2,0.0
47,legacy,4,3,0.0
47,legacy,4,4,0.0
48,legacy,1,1,0.0
48,legacy,1,2,0.4384458603329031
48,legacy,1,3,0.0
48,legacy,1,4,0.9801121416027848
48,legacy,2,1,0.0
48,legacy,2,2,0.0
48,legacy,2,3,0.0
48,legacy,2,4,0.21374806084995443
48,legacy,3,1,0.971858106477668
48,legacy,3,2,14.854667278288401
48,legacy,3,3,0.0
48,legacy,3,4,1.1285660665183117
48,legacy,4,1,0.0
48,legacy,4,2,0.0
48,legacy,4,3,0.0
48,legacy,4,4,0.0
49,legacy,1,1,0.0
49,legacy,1,2,0.5046873879594664
49,legacy,1,3,1.783232873501194
49,legacy,1,4,0.0
49,legacy,2,1,0.0
49,legacy,2,2,0.0
49,legacy,2,3,77329.8080520432
49,legacy,2,4,0.0
49,legacy,3,1,0.0
49,legacy,3,2,0.0
49,legacy,3,3,0.0
49,legacy,3,4,0.0
49,legacy,4,1,109053.05736922073
49,legacy,4,2,0.9902217508501574
49,legacy,4,3,111352.45330991832
49,legacy,4,4,0.0
20,v2,1,1,0.0
20,v2,1,2,2.3532055216649073
20,v2,1,3,2.618201907753256
20,v2,1,4,3.575111044098091
20,v2,2,1,0.0
20,v2,2,2,0.0
20,v2,2,3,1.6987140175814157
20,v2,2,4,1.9510639720790786
20,v2,3,1,0.0
20,v2,3,2,0.0
20,v2,3,3,0.0
20,v2,3,4,2.6974319708491765
20,v2,4,1,0.0
20,v2,4,2,0.0
20,v2,4,3,0.0
20,v2,4,4,0.0
21,v2,1,1,0.0
21,v2,1,2,2.098450325061492
21,v2,1,3,1.9353601548248638
21,v2,1,4,2.6715515592249597
21,v2,2,1,0.0
21,v2,2,2,0.0
21,v2,2,3,0.24222610660433178
21,v2,2,4,0.9406967115098245
21,v2,3,1,0.0
21,v2,3,2,0.0
21,v2,3,3,0.0
21,v2,3,4,4.151584832921298
21,v2,4,1,0.0
21,v2,4,2,0.0
21,v2,4,3,0.0
21,v2,4,4,0.0
22,v2,1,1,0.0
22,v2,1,2,1.7985647122046586
22,v2,1,3,2.185418712771308
22,v2,1,4,1.2215112171667375
22,v2,2,1,0.0
22,v2,2,2,0.0
22,v2,2,3,0.3816677616203918
22,v2,2,4,0.8599772859042193
22,v2,3,1,0.0
22,v2,3,2,0.0
22,v2,3,3,0.0
22,v2,3,4,1.0590221642763666
22,v2,4,1,0.0
22,v2,4,2,0.0
22,v2,4,3,0.0
22,v2,4,4,0.0
23,v2,1,1,0.0
23,v2,1,2,0.448028842867193
23,v2,1,3,0.8096811093127891
23,v2,1,4,0.0
23,v2,2,1,0.0
23,v2,2,2,0.0
23,v2,2,3,0.39238812958601393
23,v2,2,4,0.8564993186649167
23,v2,3,1,0.0
23,v2,3,2,0.0
23,v2,3,3,0.0
23,v2,3,4,1.022633796860131
23,v2,4,1,1.1477891992249551
23,v2,4,2,0.0
23,v2,4,3,0.0
23,v2,4,4,0.0
24,v2,1,1,0.0
24,v2,1,2,0.44939862832402105
24,v2,1,3,1.2735990039992517
24,v2,1,4,0.0
24,v2,2,1,0.0
24,v2,2,2,0.0
24,v2,2,3,0.0
24,v2,2,4,0.3392491586755241
24,v2,3,1,0.0
24,v2,3,2,0.018136387865024424
24,v2,3,3,0.0
24,v2,3,4,0.8759069671194175
24,v2,4,1,0.45971379191556405
24,v2,4,2,0.0
24,v2,4,3,0.0
24,v2,4,4,0.0
25,v2,1,1,0.0
25,v2,1,2,0.2957353565751477
25,v2,1,3,0.5934527383574287
25,v2,1,4,0.0
25,v2,2,1,0.0
25,v2,2,2,0.0
25,v2,2,3,0.0
25,v2,2,4,0.1159237498431516
25,v2,3,1,0.0
25,v2,3,2,0.028015782520821247
25,v2,3,3,0.0
25,v2,3,4,0.8774494471562666
25,v2,4,1,1.2855190067502638
25,v2,4,2,0.0
25,v2,4,3,0.0
25,v2,4,4,0.0
26,v2,1,1,0.0
26,v2,1,2,0.5770954238131839
26,v2,1,3,1.1592690596847965
26,v2,1,4,0.0
26,v2,2,1,0.0
26,v2,2,2,0.0
26,v2,2,3,6.240943687427111
26,v2,2,4,0.06496473502032857
26,v2,3,1,0.0
26,v2,3,2,0.0
26,v2,3,3,0.0
26,v2,3,4,1.0944600830057496
26,v2,4,1,21.999545569762095
26,v2,4,2,0.0
26,v2,4,3,0.0
26,v2,4,4,0.0
27,v2,1,1,0.0
27,v2,1,2,10.584816385107493
27,v2,1,3,1.2511164074069896
27,v2,1,4,0.0
27,v2,2,1,0.0
27,v2,2,2,0.0
27,v2,2,3,0.0
27,v2,2,4,0.0
27,v2,3,1,0.0
27,v2,3,2,4.057461370887641
27,v2,3,3,0.0
27,v2,3,4,1.2166619684377282
27,v2,4,1,7.073600572650953
27,v2,4,2,5.687449114674568
27,v2,4,3,0.0
27,v2,4,4,0.0
28,v2,1,1,0.0
28,v2,1,2,0.26482154957647497
28,v2,1,3,1.2983711468385368
28,v2,1,4,0.0
28,v2,2,1,0.0
28,v2,2,2,0.0
28,v2,2,3,0.0
28,v2,2,4,0.0
28,v2,3,1,0.0
28,v2,3,2,1.0908394595465516
28,v2,3,3,0.0
28,v2,3,4,2.1845535202887034
28,v2,4,1,2.2215687403639626
28,v2,4,2,10.573564371683021
28,v2,4,3,0.0
28,v2,4,4,0.0
29,v2,1,1,0.0
29,v2,1,2,0.15453670069369388
29,v2,1,3,3.3326914728651755
29,v2,1,4,0.0
29,v2,2,1,0.0
29,v2,2,2,0.0
29,v2,2,3,0.0
29,v2,2,4,0.0
29,v2,3,1,0.0
29,v2,3,2,14.378860474300467
29,v2,3,3,0.0
29,v2,3,4,0.46199415229726226
29,v2,4,1,3.629807557224506
29,v2,4,2,14.363945856058756
29,v2,4,3,0.0
29,v2,4,4,0.0
30,v2,1,1,0.0
30,v2,1,2,0.059420772224239
30,v2,1,3,2.2723250615995916
30,v2,1,4,0.0
30,v2,2,1,0.0
30,v2,2,2,0.0
30,v2,2,3,0.0
30,v2,2,4,0.0
30,v2,3,1,0.0
30,v2,3,2,0.13335372912892632
30,v2,3,3,0.0
30,v2,3,4,7.1502575000653525
30,v2,4,1,6.41219751987233
30,v2,4,2,15.758661878958975
30,v2,4,3,0.0
30,v2,4,4,0.0
31,v2,1,1,0.0
31,v2,1,2,0.0
31,v2,1,3,0.0
31,v2,1,4,0.0
31,v2,2,1,3.5570506421622925
31,v2,2,2,0.0
31,v2,2,3,0.0
31,v2,2,4,0.0
31,v2,3,1,3.4763180243379317
31,v2,3,2,6.022809124425514
31,v2,3,3,0.0
31,v2,3,4,0.0
31,v2,4,1,7.109383830902616
31,v2,4,2,15.807761306335879
31,v2,4,3,9.890100174156633
31,v2,4,4,0.0
32,v2,1,1,0.0
32,v2,1,2,0.0
32,v2,1,3,9.327233598927393
32,v2,1,4,0.0
32,v2,2,1,3.1266039703851254
32,v2,2,2,0.0
32,v2,2,3,0.0
32,v2,2,4,0.0
32,v2,3,1,0.0
32,v2,3,2,5.286802676392561
32,v2,3,3,0.0
32,v2,3,4,0.0
32,v2,4,1,5.634721415754848
32,v2,4,2,11.063660161617499
32,v2,4,3,12.215230332969004
32,v2,4,4,0.0
33,v2,1,1,0.0
33,v2,1,2,0.0
33,v2,1,3,23.203612944499348
33,v2,1,4,0.0
33,v2,2,1,0.466206422281357
33,v2,2,2,0.0
33,v2,2,3,0.0
33,v2,2,4,0.0
33,v2,3,1,0.0
33,v2,3,2,0.9057423530814263
33,v2,3,3,0.0
33,v2,3,4,0.0
33,v2,4,1,9.224046292745472
33,v2,4,2,10.110206579950264
33,v2,4,3,18.72230985500102
33,v2,4,4,0.0
34,v2,1,1,0.0
34,v2,1,2,0.0
34,v2,1,3,24.19586526424214
34,v2,1,4,0.0
34,v2,2,1,0.3624488289122086
34,v2,2,2,0.0
34,v2,2,3,0.16356966299407324
34,v2,2,4,0.0
34,v2,3,1,0.0
34,v2,3,2,0.0
34,v2,3,3,0.0
34,v2,3,4,0.0
34,v2,4,1,20.974843585560812
34,v2,4,2,9.833031143565739
34,v2,4,3,13.166751941555669
34,v2,4,4,0.0
35,v2,1,1,0.0
35,v2,1,2,0.0
35,v2,1,3,0.0
35,v2,1,4,50.61978483693
35,v2,2,1,0.5431213384179582
35,v2,2,2,0.0
35,v2,2,3,0.4092508462190571
35,v2,2,4,5.1291718272153926
35,v2,3,1,3.2945878274157985
35,v2,3,2,0.0
35,v2,3,3,0.0
35,v2,3,4,0.0
35,v2,4,1,0.0
35,v2,4,2,0.0
35,v2,4,3,0.5020383576507687
35,v2,4,4,0.0
36,v2,1,1,0.0
36,v2,1,2,0.0
36,v2,1,3,0.0
36,v2,1,4,1.2597780525941529
36,v2,2,1,0.8029169899625911
36,v2,2,2,0.0
36,v2,2,3,18.644473749753026
36,v2,2,4,14.178659121689194
36,v2,3,1,11.076692819858591
36,v2,3,2,0.0
36,v2,3,3,0.0
36,v2,3,4,0.1499856900040336
36,v2,4,1,0.0
36,v2,4,2,0.0
36,v2,4,3,0.0
36,v2,4,4,0.0
37,v2,1,1,0.0
37,v2,1,2,0.0
37,v2,1,3,0.15724068770224417
37,v2,1,4,0.0
37,v2,2,1,0.030407587012041746
37,v2,2,2,0.0
37,v2,2,3,0.2726995530047654
37,v2,2,4,8.014625560808184
37,v2,3,1,0.0
37,v2,3,2,0.0
37,v2,3,3,0.0
37,v2,3,4,1.945259729843921
37,v2,4,1,1.3098025654524323
37,v2,4,2,0.0
37,v2,4,3,0.0
37,v2,4,4,0.0
38,v2,1,1,0.0
38,v2,1,2,0.0
38,v2,1,3,0.3658384575484785
38,v2,1,4,0.7131982253520083
38,v2,2,1,0.05050122505944279
38,v2,2,2,0.0
38,v2,2,3,0.0
38,v2,2,4,0.6453130209847189
38,v2,3,1,0.0
38,v2,3,2,35.81268397560294
38,v2,3,3,0.0
38,v2,3,4,0.13812911398150257
38,v2,4,1,0.0
38,v2,4,2,0.0
38,v2,4,3,0.0
38,v2,4,4,0.0
39,v2,1,1,0.0
39,v2,1,2,0.0
39,v2,1,3,0.0
39,v2,1,4,0.0
39,v2,2,1,0.28943419200028797
39,v2,2,2,0.0
39,v2,2,3,0.09058659005974717
39,v2,2,4,0.5011513358740535
39,v2,3,1,0.3848775643733268
39,v2,3,2,0.0
39,v2,3,3,0.0
39,v2,3,4,0.030877732264695826
39,v2,4,1,0.11483596133777776
39,v2,4,2,0.0
39,v2,4,3,0.0
39,v2,4,4,0.0
40,v2,1,1,0.0
40,v2,1,2,0.038033471563499774
40,v2,1,3,0.0721911795885407
40,v2,1,4,0.0
40,v2,2,1,0.0
40,v2,2,2,0.0
40,v2,2,3,0.0
40,v2,2,4,0.0
40,v2,3,1,0.0
40,v2,3,2,0.12287540135451136
40,v2,3,3,0.0
40,v2,3,4,0.0
40,v2,4,1,0.30071678481573716
40,v2,4,2,0.19976319845282803
40,v2,4,3,0.28053399120712685
40,v2,4,4,0.0
41,v2,1,1,0.0
41,v2,1,2,0.0
41,v2,1,3,0.010445743405201338
41,v2,1,4,0.0
41,v2,2,1,0.09683109568973267
41,v2,2,2,0.0
41,v2,2,3,0.17336985374991012
41,v2,2,4,0.0
41,v2,3,1,0.0
41,v2,3,2,0.0
41,v2,3,3,0.0
41,v2,3,4,8.866430441267894
41,v2,4,1,0.8129014354453056
41,v2,4,2,0.5449629709103373
41,v2,4,3,0.0
41,v2,4,4,0.0
42,v2,1,1,0.0
42,v2,1,2,0.0
42,v2,1,3,0.0
42,v2,1,4,1.3853431001540886
42,v2,2,1,1.1715462922249809
42,v2,2,2,0.0
42,v2,2,3,0.8148189982953925
42,v2,2,4,2.222052994488779
42,v2,3,1,2.428217868912186
42,v2,3,2,0.0
42,v2,3,3,0.0
42,v2,3,4,1.7194632552346758
42,v2,4,1,0.0
42,v2,4,2,0.0
42,v2,4,3,0.0
42,v2,4,4,0.0
43,v2,1,1,0.0
43,v2,1,2,0.0
43,v2,1,3,0.0
43,v2,1,4,0.0
43,v2,2,1,0.06298571773627973
43,v2,2,2,0.0
43,v2,2,3,3.043241854829082
43,v2,2,4,0.0
43,v2,3,1,0.1455683517286308
43,v2,3,2,0.0
43,v2,3,3,0.0
43,v2,3,4,0.0
43,v2,4,1,0.04914580289352711
43,v2,4,2,0.5287161760536749
43,v2,4,3,2.157515609185442
43,v2,4,4,0.0
44,v2,1,1,0.0
44,v2,1,2,0.0
44,v2,1,3,0.0
44,v2,1,4,0.0
44,v2,2,1,0.14918714796706048
44,v2,2,2,0.0
44,v2,2,3,4.853986136895743
44,v2,2,4,0.0
44,v2,3,1,0.9242923451807787
44,v2,3,2,0.0
44,v2,3,3,0.0
44,v2,3,4,0.0
44,v2,4,1,2618.5567608067477
44,v2,4,2,0.39909460383993167
44,v2,4,3,2.8472234097191604
44,v2,4,4,0.0
45,v2,1,1,0.0
45,v2,1,2,0.42686391144426145
45,v2,1,3,0.28621335734592707
45,v2,1,4,0.0
45,v2,2,1,0.0
45,v2,2,2,0.0
45,v2,2,3,0.252834005663654
45,v2,2,4,0.0
45,v2,3,1,0.0
45,v2,3,2,0.0
45,v2,3,3,0.0
45,v2,3,4,0.0
45,v2,4,1,0.3525088865094424
45,v2,4,2,0.5779376800443186
45,v2,4,3,0.21764621701248327
45,v2,4,4,0.0
46,v2,1,1,0.0
46,v2,1,2,0.34965461974195433
46,v2,1,3,0.26262371576470833
46,v2,1,4,0.9074805938306257
46,v2,2,1,0.0
46,v2,2,2,0.0
46,v2,2,3,0.16136436266888476
46,v2,2,4,0.0
46,v2,3,1,0.0
46,v2,3,2,0.0
46,v2,3,3,0.0
46,v2,3,4,1.9443339418914611
46,v2,4,1,0.0
46,v2,4,2,0.15355097554889546
46,v2,4,3,0.0
46,v2,4,4,0.0
47,v2,1,1,0.0
47,v2,1,2,576.9615111757176
47,v2,1,3,0.44170787104376313
47,v2,1,4,0.0
47,v2,2,1,0.0
47,v2,2,2,0.0
47,v2,2,3,0.10377516390038763
47,v2,2,4,0.1556300433838274
47,v2,3,1,0.0
47,v2,3,2,0.0
47,v2,3,3,0.0
47,v2,3,4,19.513815620527907
47,v2,4,1,3.3302444993612075
47,v2,4,2,0.0
47,v2,4,3,0.0
47,v2,4,4,0.0
48,v2,1,1,0.0
48,v2,1,2,1.3328834091032258
48,v2,1,3,0.04982719688663994
48,v2,1,4,0.7550216302653688
48,v2,2,1,0.0
48,v2,2,2,0.0
48,v2,2,3,0.0
48,v2,2,4,1.0404984783261733
48,v2,3,1,0.0
48,v2,3,2,0.034518791175848364
48,v2,3,3,0.0
48,v2,3,4,0.01012839113695079
48,v2,4,1,0.0
48,v2,4,2,0.0
48,v2,4,3,0.0
48,v2,4,4,0.0
49,v2,1,1,0.0
49,v2,1,2,0.3347454220733044
49,v2,1,3,0.23172491089599473
49,v2,1,4,0.48001355864154227
49,v2,2,1,0.0
49,v2,2,2,0.0
49,v2,2,3,0.018356483162835276
49,v2,2,4,0.16853574128844814
49,v2,3,1,0.0
49,v2,3,2,0.0
49,v2,3,3,0.0
49,v2,3,4,1.184405934987947
49,v2,4,1,0.0
49,v2,4,2,0.0
49,v2,4,3,0.0
49,v2,4,4,0.0
