oos_period,var_error,full_gcsr_eigenvector,full_gcsr_v2_eigenvector,full_gcsr_pagerank,full_gcsr_v2_pagerank,full_gcsr_softmax,full_gcsr_v2_softmax,graph_only_eigenvector,graph_only_v2_eigenvector,graph_only_pagerank,graph_only_v2_pagerank,graph_only_softmax,graph_only_v2_softmax,rs_selection_v2,rs_selection,recent_best,bates_granger_mv
200,-0.41218224968505307,-0.4120976900609914,-0.4120838787962586,-0.40951367085698276,-0.4095299245619026,-0.4139118279710087,-0.41370249248840985,-0.566778705808408,-0.5675518101252572,-0.4734228577272742,-0.4739088686995242,-0.6187586354829021,-0.6195372947300152,-0.5667028673322538,-0.5667028673322538,-0.41834118777402063,-0.41774567796831696
201,0.04894968622001578,0.00023239906761807205,0.0002406969663544499,0.0013535605555439036,0.001361332620375519,0.0018745587245441193,0.0015411190473782876,0.16233857574675156,0.16224441431355413,0.03632860758595242,0.03930571872343948,0.16704875223096233,0.1658751288952893,0.16234716017768197,0.16234716017768197,0.12414689199046045,9.615266109775679e-05
202,-0.46543799195046875,-0.6437622372218565,-0.6435918216865939,-0.6416139178400093,-0.6418225979389038,-0.6454983837809478,-0.6445790768700488,-0.9144315258581116,-0.9131305001431558,-0.36351141731948,-0.37086731462817646,-0.8617364247908809,-0.8332779057367847,-0.9145442343872858,-0.9145442343872858,-0.24526735894961238,-0.5718941773878379
203,-1.1441970964728845,-1.1084788549009126,-1.108596989965728,-1.1266249101490575,-1.1263743745012254,-1.1375111885240075,-1.1273807215888543,-1.1202711131219967,-1.120799603830214,-0.7166377652267844,-0.7107034190894179,-1.2288114186467092,-1.1882890952949428,-1.1202288929405426,-1.1202288929405426,-1.3972120762028861,-1.1966205940093795
204,-0.033324493526978305,0.06333467060091535,0.06321145404466044,0.06741356247190294,0.06753772358561683,0.061047533301345436,0.06234652974944599,-0.17393486476219255,-0.1740463087589135,-0.013221736920258631,-0.0055893997495174985,-0.1407862525372015,-0.07963562048434902,-0.1739253213915535,-0.1739253213915535,-0.24103917844022663,-0.001054532109517503
205,0.10413920103357344,0.07418896129598401,0.07354503863213602,0.032283555798169106,0.06372609658429368,0.06314533641918751,0.06508868792347178,0.11992037720094928,0.6522668137550349,-0.12808796635132616,0.1441081498812284,0.15378872163383628,0.23045249323735767,0.6530920968087721,0.6530920968087721,0.3937933278754026,0.1318245360774311
206,0.5378024616752713,0.46008760648625624,0.4601580265932522,0.4689207623920023,0.46921320287716284,0.46723456783626366,0.4734034336303712,0.44392689464783486,0.44413174320150783,0.15685485773999872,0.1572753996139741,0.4828464359045267,0.5141456131189622,0.4439162973208431,0.4439162973208431,0.5456085540660983,0.5071932228385969
207,-0.5679863623956772,-0.9621969010227763,-0.9622272546262496,-0.9670723478688168,-0.9671501129150332,-0.9660198876042845,-0.9672845704077284,0.12347267278005003,0.11797866567189075,-0.21862643069780174,-0.2518891832321396,-0.5176224617692426,-0.7018728768076128,0.1237536171590109,0.1237536171590109,-0.9138626980482788,-0.9711766610775274
208,-0.12028057895256884,-0.11936867817930717,-0.11937151697488252,-0.11675708536118952,-0.11671595243460767,-0.11757309737515499,-0.11689975224271706,0.8115422284246103,0.8070119675009396,0.13437558110235195,0.12453492631155258,0.23840984026729337,0.09695567739279265,0.811718675379307,0.811718675379307,-0.12556486806209402,-0.1146644260528437
209,-0.4767366714870063,-0.4045301783902086,-0.4047021732824643,-0.39446965817766066,-0.39455499864235355,-0.39808293874430933,-0.3985210370501439,-0.7955210468166499,-0.7954561002210853,-0.3938123566849042,-0.3901085200316439,-0.6738524137064015,-0.6598539017967332,-0.795525016868401,-0.795525016868401,-0.6659881699895264,-0.43444465102269963
210,-2.923417605511391,-2.737840045755584,-2.73808736276262,-2.742874038718387,-2.74250920608466,-2.7660400399008145,-2.759069148717794,-2.9164395365224585,-2.917500114198838,-2.5359096052715557,-2.5330828853166345,-3.140944731581534,-3.125099017416753,-2.916348289039092,-2.916348289039092,-3.148747881512934,-2.8358351429989255
211,0.17429100040275414,-0.2297553626126373,-0.23005416385130567,-0.22347357292850933,-0.2283961850301585,-0.20922875820170375,-0.2273906250566812,-0.21811209445246313,-0.2632916034777445,0.682084147728148,-0.14258683555899726,7.470159714929138,-0.28530924686420617,-0.2642396557822857,-0.2642396557822857,0.3583010298267031,-0.1399215242527293
212,-1.076272742246881,-1.1036407907982158,-1.1036262839133044,-1.1039345310965754,-1.1039254898399937,-1.103920586944811,-1.1041961318777924,-1.0849040172338438,-1.0852716094990347,-0.8622119478926416,-0.8616834537726222,-1.0894973691951662,-1.0827871297805738,-1.0848737203761183,-1.0848737203761183,-0.8559013847520426,-1.0952338681731018
213,-0.18219847601981093,-0.1564081416832166,-0.15639745886323986,-0.16175059305765077,-0.16192152586876715,-0.16100550199603858,-0.16354224336781928,0.03265604789109239,0.03212034470205538,-0.06989539160384226,-0.07103081285784602,-0.15214331416468527,-0.20340543647034456,0.03269250487529424,0.03269250487529424,-0.1253334904709758,-0.12353865788246725
214,0.13025095767321476,0.10117855754316357,0.10119487048674491,0.08498569920164006,0.08651199426678075,0.07950526132173485,0.08362216921223581,0.4575205656092068,0.45894335774343026,0.05473566333832369,0.08175236696069321,-0.019111284037743814,0.024303912946582962,0.4607576095257954,0.4607576095257954,-0.04003231322082196,0.17593683550171058
215,-1.517289952651994,-1.8955295942070276,-1.8954631406497893,-1.8995917205601849,-1.8989731111060806,-1.9036682086726793,-1.9014525112654508,-1.7700443833572865,-1.7702157136857848,-1.0697316495691616,-1.0895533500070234,-1.8585929454931411,-1.8382474908659083,-1.7700367216469246,-1.7700367216469246,-1.827070494135824,-1.9304867350021409
216,2.2280978400047635,2.7471457675991084,2.745686712404038,2.7933564022308053,2.7836444937575147,2.753365295618096,2.7668295311633395,-0.0037109994772690502,-0.001373389989691276,0.219085933024586,0.2444477530282958,0.9765732304862129,1.141111247449403,-0.0037965342780299505,-0.0037965342780299505,0.8267470895098956,2.693735308545996
217,-0.5711816368534486,-0.5633936639198525,-0.5619492783055451,-0.5608140707365051,-0.5597698203609486,-0.563395227826436,-0.5613798104424785,-0.5573258714343772,-0.46730901129639435,-0.5779744667723061,-0.4737846310780931,-0.5612015686829182,-0.5789379973021038,-0.4665735767247596,-0.4665735767247596,-0.5821172144906672,-0.5733459715670128
218,0.36480734893006644,0.14035110060516925,0.14068463102304013,0.15921765672973526,0.159551654254998,0.16697063256116645,0.1668774214711995,-0.1803243086740907,-0.18120862392628972,-0.15685455295875908,-0.14955448581791114,-0.18696226686027617,-0.16679779676569026,-0.18026839582203608,-0.18026839582203608,0.6178491344224588,0.2855506784062286
219,-1.5504712617012755,-1.3024457286461164,-1.3028421133163013,-1.2910757473214471,-1.2902034544088676,-1.3301908168922305,-1.3248446359084847,-1.405511114381434,-1.4060211580891417,-1.2610887433359896,-1.2553187755402,-1.4654076595551397,-1.4904836844031204,-1.4054586074709055,-1.4054586074709055,-1.5270655273623557,-1.4709528078443617
220,0.38617234846157394,0.40000190606788133,0.40067935571728436,0.3980985800023233,0.4035348211595,0.4062286971166041,0.42456510052074065,0.6058735451403066,0.6746399164400889,0.03583459052032486,0.1624637421624377,0.10926372881027491,0.6533745533588116,0.6738221885886102,1.2037424976090803,0.9198182884949465,0.6112474063565575
221,-0.47541036786242546,-0.4393604753022907,-0.4394300312166488,-0.4400119347363731,-0.4399425880547524,-0.44124581582214967,-0.4408856423914003,-0.4785072500845221,-0.4785231867084276,-0.31372608947561403,-0.31258950603945024,-0.44243779675023603,-0.4279653525609224,-0.47850567055943394,-0.47850567055943394,-0.4753798332568633,-0.4627673206457009
222,-0.5232432967572713,-0.5106455938071307,-0.5115832540866985,-0.5221786230607918,-0.5243777377905042,-0.5020373133797237,-0.5112936012455832,-0.07688817728098352,-0.18477322457838352,0.15151056564831067,-0.04089205541590035,1.044003816732195,0.6310779265278885,-0.1835085911665868,-0.1835085911665868,-0.4758754032548759,-0.5423683134203152
223,-0.60338697751258,-0.47982320419273383,-0.4797554881617145,-0.4762684591343156,-0.4789058484543772,-0.46364011765208474,-0.47411101922447413,-0.44066318499467083,-0.43874161728863714,0.07258478652755751,-0.07823821280753118,1.456607126743105,0.12692902631273417,-0.4409743064924343,-0.4409743064924343,-0.37702424051724664,-0.5059855636150767
224,0.06942918481613075,0.006355124996112686,0.006360512011391756,0.006524970847000296,0.006581415700008973,0.0018831453322934004,0.006269295409752625,0.028364138205365205,0.028162881755775557,9.275283651685924e-05,0.0021740453702831027,0.035322597900398975,0.009367653007933218,0.02838619056139064,0.02838619056139064,0.06623462437842284,-0.0010880681111035317
225,0.392078324279228,0.039414108454986156,0.0394904981208905,0.06472827713132123,0.0661250945503152,0.05686800659605481,0.05896351557538231,0.1196292766102757,0.11715273392309905,-0.022626994604758026,-0.03274754078102557,-0.054959656251777116,-0.04444312834097236,0.12010239321589575,0.12010239321589575,0.004188016773758914,0.09073018822724413
226,0.20441695027060103,-0.09286333407919395,-0.0930452524352568,-0.06290335702144284,-0.058325190737471666,-0.05113393955122908,-0.04261230663257015,-0.3556558258325759,-0.3581303346675091,0.07181209672741712,-0.10858626813064975,-0.017920355312098957,-0.05815594662624879,-0.35955826679960795,-0.35955826679960795,0.6204981258013864,0.06331849996663791
227,-0.02356311761079795,0.04497151096586953,0.045791045999279245,0.0460946966295802,0.04789712612408101,0.03689457652643863,0.038857170224398496,0.017708496166743682,0.025109163943682716,0.0009781444468834506,0.012435783973393216,-0.011939284481539289,-0.007610369222898171,0.026160587360047272,0.026160587360047272,0.026160587360047272,0.017290932007974696
228,0.03484023761498294,0.0636869316377005,0.06348393319312662,0.07459162417002907,0.0744920310177177,0.06116659234852922,0.06206969741672138,-0.04784873758288183,-0.04786886747014807,-0.04484023914288295,-0.04440223990978541,-0.053197215841401274,-0.05328823547864009,-0.04784925221097433,-0.04784925221097433,-0.04784925221097433,0.047646050541791087
229,-0.410086546256022,-0.3144354086544335,-0.3160047784866247,-0.3280786349479282,-0.32679227716058656,-0.3478827004655468,-0.34728896824747507,-0.4068817376719719,-0.4078261740251788,-0.30668269816251337,-0.29819057656407666,-0.40631338909224696,-0.4101355650868295,-0.4065589488226938,-0.4065589488226938,-0.4065589488226938,-0.38096754148765855
230,0.1663774917934137,0.012884080401976958,0.015063827138064437,0.05300458066068274,0.05650219606268715,0.06441606659330379,0.06662721299398106,-0.03238777221932234,-0.040151160175178335,-0.025378772464283342,0.030646066235978126,0.07539219025194233,0.20994691161366494,-0.03234119652957609,-0.03234119652957609,-0.03234119652957609,0.1240784861521384
231,-0.41798357797168495,-0.4181150823882076,-0.4180590211998543,-0.35893300194650024,-0.35909898867782686,-0.3976084966084491,-0.3973093236294164,-0.8314527709942994,-0.8305269623607586,0.18365381772134315,0.011361197757701058,0.14666347006028246,-0.23961784627273663,-0.8328098180300423,-0.8328098180300423,-0.8328098180300423,-0.3991560242036186
232,-0.07575742900545301,-0.010085100243296563,-0.009932374418398893,0.04568197213180203,0.045069011041369844,0.010146679709500117,0.01900970863848228,-0.39138993956919244,-0.3904554667635415,-0.07546782526742218,-0.0958248210767354,-0.25795317217340175,-0.17189877400230474,-0.39141461698512636,-0.39141461698512636,-0.39141461698512636,-0.00034915005303037816
233,0.12458771662127878,0.2933018867516685,0.2931718556631838,0.273674453967589,0.2727551346314386,0.27107705144736716,0.2695908431763987,0.21631929318448698,0.216479148458874,0.06832724940422746,0.04955109471994909,0.2978194776856998,0.2230286292570407,0.21630415161894623,0.21630415161894623,0.21630415161894623,0.27757619202226147
234,-0.1274553275679452,-0.04187814937736534,-0.04182850576662067,-0.03494893920559666,-0.03439135365944265,-0.032262467746782986,-0.03134123907077738,0.08871254924171265,0.0882607080761307,0.010245874638703939,0.02665822589980124,-0.01695405945175002,0.005468338344046114,0.08872640241935789,0.08872640241935789,0.08872640241935789,-0.021414109146763005
235,-0.10392181474700793,-0.042614632597745214,-0.04281156557219335,-0.07932073041336325,-0.07910757110773313,-0.06947360818781714,-0.07317057137946285,0.6767783797766944,0.6730054637367685,0.13657380262288493,0.14094654610308743,0.20811587844170998,0.14898196230805183,0.676847160982082,0.676847160982082,0.676847160982082,-0.07250735213340084
236,-0.3715576207089355,-0.6967838265430075,-0.6972689347319119,-0.6994377210237375,-0.6989062055588624,-0.7642362512310057,-0.767377485100923,-1.2407336825379824,-1.242063468247137,-0.8018427028769266,-0.7713000066579181,-1.4461318127530605,-1.459579810297874,-1.2406982275160274,-1.2406982275160274,-1.2406982275160274,-0.8208364063120288
237,0.039795875026548494,0.026717915609994092,0.02656016252626339,0.010251599548457209,0.010386601715878935,0.008514331685144549,0.008857874524326306,0.2113097237494879,0.20949107669090772,0.022098550214444197,0.03305633957864017,0.06668135885862064,0.049124076763807645,0.2113645758793882,0.2113645758793882,0.2113645758793882,0.008968530004161332
238,-0.18737093219182546,-0.18046155519743706,-0.18052421519957051,-0.18435921170706887,-0.1843714625221142,-0.18610849138997587,-0.18608970954178472,-0.18717160567115518,-0.18718079907101437,-0.11210992003861457,-0.10784532895812879,-0.17910433755075497,-0.17855764041211125,-0.1871722247723108,-0.1871722247723108,-0.1871722247723108,-0.18742154639042546
239,-0.052503860828298804,-0.12844447454194746,-0.1279530053474431,-0.07717429362280817,-0.07716073086962777,-0.06459356077944009,-0.06462795751294842,-0.27544529963362246,-0.27562374556841374,-0.07502044550884654,-0.09856598768340583,0.12032945478858698,0.04134917642082203,-0.2754343467900026,-0.2754343467900026,-0.2754343467900026,-0.028495639085670904
240,-0.028609672277172392,-0.0809331658101395,-0.08095459699796467,-0.08706220284853168,-0.0868905070951552,-0.08638828010838322,-0.08470244175136489,0.3579834766985232,0.35509191202234097,-0.08911810244609361,-0.08785288787034952,-0.04817976870887113,-0.04110521359501426,0.35845246151183296,0.35845246151183296,0.35845246151183296,-0.07752222432893399
241,-0.34262483071604377,-0.2257062470021718,-0.2271522877362786,-0.333544463690406,-0.3353129657297424,-0.35992223071570795,-0.3662030255827342,0.1185979514307609,0.11112107670202398,-0.12299033159276584,-0.16325376499331035,-0.4311435085437352,-0.453716378469132,0.11892449772897862,0.11892449772897862,0.11892449772897862,-0.3704275147648412
242,-0.9130624696244574,-0.3196777911098554,-0.25767626883589445,-0.30044455833921413,-0.2912249874458146,-0.281667675572816,-0.309893794416257,2.542928992256806,-0.38827624979205755,1.2423315674558588,0.17731710719817073,3.827169586911522,0.5983660813828195,-0.3898423719027968,7.066580937025801,-0.3898423719027968,-0.3044613439116999
243,-0.42835067239633756,-0.4011477036459984,-0.40548980069739177,-0.3030158649129017,-0.32929078326848993,-0.28111564664184135,-0.35545786526750967,-0.5818092815091696,-0.586024542872321,-0.3384159003367206,-0.391478298736503,-0.033276823782555476,-0.54788185508261,-0.5864163133891641,-0.5864163133891641,-0.5864163133891641,-0.4429915579191446
244,2.876120381231005,4.175323107530483,4.1767360550854935,4.193333215879527,4.171539105568976,4.230638026152974,4.276218896070478,4.262828363240962,3.9755218537900148,1.3111839608115794,0.885224564109818,3.470781630189568,2.707229774392929,4.002313785411275,4.002313785411275,4.002313785411275,4.591214856448711
245,3.5820792393127894,1.855006090904494,1.8485114461879144,1.3223322165666027,1.3320343489693305,1.3851145439127475,1.3677416465480174,6.998923254843153,6.925055016382465,0.8007705129883373,0.8687670698017403,1.931533147966971,1.8299082718974031,7.000857405874169,7.000857405874169,7.000857405874169,1.8132851163217953
246,-0.4065007426843066,-0.38967076213697305,-0.4040752470777815,-0.39302744710327225,-0.39590248995213967,-0.39020243591820447,-0.39677099151693623,-0.3938847400840013,-0.20840165814107445,-0.31881070366539555,-0.3579844719345857,-0.37584104806302443,-0.40047127480317124,-0.1941617316628288,-0.3938847199278051,-0.1941617316628288,-0.403044359874945
247,0.44449010418246904,0.4848192979301474,0.48401369273980854,0.35514361074504214,0.3543190156975463,0.33821652689876935,0.34801624349478094,2.021526667914385,2.010046161615397,0.19503371886324808,0.24415027734943576,0.016539024444816364,0.24782082840658395,2.0220993920741135,2.0220993920741135,2.0220993920741135,0.42669541387729826
248,-0.08261488493116914,-0.0637067347108332,-0.06384080939521722,-0.07305473569515705,-0.07395733663558243,-0.07488438469233619,-0.07654413782938788,0.01976577234459921,0.01761551924782434,-0.031195328721412945,-0.04508794543469614,-0.08726556129770098,-0.08024593383320983,0.019795662384904503,0.019795662384904503,0.019795662384904503,-0.07745384905536784
249,-1.3086294931084277,-0.9047953701288393,-0.9058694051990605,-0.9702510441047022,-0.9730927616924879,-0.9992782178559915,-1.0022518527911604,-0.749250556761768,-0.7545643796037882,-0.6385453150151046,-0.5091142958604915,-0.8253127581213975,-1.2163460284048435,-0.74907939113271,-0.74907939113271,-0.74907939113271,-1.0347291113015145
250,-0.15019198811474754,-0.16579427500022362,-0.13696464903070268,-0.17514095706122396,-0.16304328284219252,-0.17485903559995578,-0.16404030893490495,-0.32372992978788434,0.5726497822641863,-0.11967950771016223,-0.34174051746165535,-0.02369062164597724,-0.24135301934496753,0.6115846524074302,0.42250857204062214,0.6115846524074302,-0.10891383569743537
251,3.65482728433098,4.41752787603903,2.3839537638217108,3.5599297471610525,3.123202657665665,3.582882605951106,3.435156046313054,8.8335993535253,0.1513974683978262,0.8715292685864476,0.2866417366040097,2.0391679469516046,1.1784843344050175,0.1419672970078573,0.016999648486872743,0.1419672970078573,4.321860731708506
252,4.6954218057865695,10.160416956920596,9.362359773032887,8.831191741449196,9.237258879140875,12.439895108062379,12.879805719225565,5.659590542125091,-0.13102649343098025,-0.1334792720403769,0.3840322050615781,42.90096384921317,55.012413257527164,4.651189466237366,4.651189466237366,60.621212336905124,12.873211970305038
253,1.260046784434872,0.10922108996479815,0.12735768851714233,0.11148186584007265,0.12047543469417778,0.04545123662818445,0.12935268585231438,0.2058193212605933,3.7115774716370433,0.16599801991458615,0.8766429558554469,13.636253316084026,4.538478918615367,4.04426157207094,4.04426157207094,5.578584059812308,0.21003399283622431
254,3.2454022516939744,1.5990806494917618,1.6005040831485446,1.6406701861226747,1.638786432621004,1.592865617762824,1.6046567928936784,4.800528016670162,3.4254189574160043,0.555655622741634,0.43738980223849133,5.439364550787766,3.41534329620206,2.4409684027877585,7.366104591970398,7.366104591970398,1.9913678618382615
255,0.5523861230976883,0.05538841304243075,0.05541968539273853,0.054694462564628024,0.054559934726994205,0.055635461332404934,0.05560042268103908,1.0815157067553758,1.5450399429489705,0.29143911944110196,0.4097652317810658,1.1384290520424016,1.3125652825362424,1.7648802277339777,0.5986077558643597,0.5986077558643597,0.05267090656668952
256,-0.5617175408863329,-0.5265254912511442,-0.5265502854789379,-0.5253809936825541,-0.5255183732017564,-0.526457863650217,-0.5264420664051404,-0.5406127640862232,-0.5502067666087505,-0.30672653894299373,-0.33071711297061623,-0.4181987291081979,-0.4342456874414644,-0.5817105954151154,-0.5817105954151154,0.2559478908044718,-0.5475114226496149
257,1.215966601106341,0.9251418385029009,0.9163305176522056,0.9239136615055383,0.9259480272963094,0.9273500681840823,0.9248078611720929,-0.09223153356894065,-0.3061630194932965,-0.1315289337418173,-0.02577477426751318,-0.022329473647918374,-0.08657973173041167,-0.4466402204533906,-0.4466402204533906,-0.4466402204533906,0.9662794775954835
258,0.6323455008712806,0.5689273330461495,0.574357263638561,0.5885347912362462,0.5891963968022857,0.5899882553054281,0.5881986307792657,-1.313470914025817,-1.2242487728198208,-0.45619070290733843,-0.441817466966941,-0.7985573049467435,-0.8488172459831194,-1.313817654694428,-1.313817654694428,-1.313817654694428,0.4233406141505798
259,0.07027164929037988,-0.1919385206930695,-0.19131098955895132,-0.12686747642535057,-0.11931161984728278,-0.1311519911184702,-0.13599849034778555,-1.652123979400783,-1.6705864204563068,-0.3066720108315688,0.4799683449528569,0.775611200344787,0.23768096390981341,-1.6501283234188926,-1.6501283234188926,-1.6501283234188926,0.06821366831182751
260,0.8878665855769393,0.47514094621139225,0.4751672435535941,0.4941684947816597,0.49374615084355644,0.46523085517228435,0.4787430801555922,-0.38087973488204874,-0.3804969397401522,-0.1921051009979886,-0.18176496166977707,-0.5040927975795888,-0.31593672556872576,-0.38073404327440974,-0.38073404327440974,-0.38073404327440974,0.8180487272473559
261,2.0922778606456855,1.1174872377224765,1.1190720522551993,1.1356588900289033,1.1350849708693374,1.117710407015188,1.1185980472125405,-1.1815040573776836,-1.2172905371090341,-0.7593916723961004,-0.8209141619350653,-1.1872866590983486,-1.2039899207805613,-1.1814440761748088,-1.1814440761748088,-1.1814440761748088,1.3164925152255122
262,-0.04356021423545355,-0.049669706033805695,-0.04966932737359525,-0.049632116607892976,-0.04963999120362151,-0.04965975423332519,-0.049656210223671414,0.009354795099960081,0.010065857177431227,0.313198431588454,0.24443121226294756,0.03058107989448222,0.03608209283717531,0.009323348217864007,0.009323348217864007,0.009323348217864007,-0.03546450883649978
263,-0.088704906298685,-0.48812435742546356,-0.48804666172001576,-0.4820270672624457,-0.48085015931611563,-0.4880561259985404,-0.48695357330061695,-1.0496241810326903,-1.0511000266013117,-0.2578442361403235,-0.2930824608545819,-1.0527745643690296,-1.065994590057015,-1.0495502871593418,-1.0495502871593418,-1.0495502871593418,-0.5098998931595158
264,0.9384780784677105,0.26486292345689516,0.2648491729661862,0.24553351897373038,0.2437453021797502,0.28008252543038903,0.2647455681791284,0.15767279777170984,0.1579551607537175,-0.02283817223336236,0.0031297732588165296,0.5609573389489544,0.15885127402024404,0.15784711201299642,0.15784711201299642,0.15784711201299642,0.27286890921232915
265,-1.1706043162217319,-1.2450406545609425,-1.2450210295780044,-1.2392295322157114,-1.2321087083130426,-1.2419346894664203,-1.24496006963993,-1.7256027799282907,-1.7250712829735084,-1.372633477258565,-0.6001104121201539,-1.732538037237116,-1.7228816901572241,-1.7255148600192736,-1.7255148600192736,-1.7255148600192736,-1.2831487513390054
266,1.5955037290934455,0.7185647127132957,0.7168647094319693,0.7107332828745747,0.7218172780460979,0.6662137353826907,0.7167282492823137,-0.6986429455724241,-0.8303303673193525,-1.2215321410121265,-0.5046698789798756,-2.428124935746528,-0.8331060417958134,-0.8329056956878353,-0.8329056956878353,-0.8329056956878353,0.8765390439965115
267,1.772685312954243,0.6206692402573712,0.619888013461886,0.6476843430573331,0.6454978788792771,0.6190750800705762,0.619080054014598,-0.8026763897861626,-0.8204339505516456,-0.30389133230160525,-0.45515799032742144,-0.8309518788758792,-0.8310456857228016,-0.8310781660281628,-0.8310781660281628,-0.8310781660281628,0.7646156361970651
268,0.10455132726582857,-0.06330745806767314,-0.06322019402872311,-0.06604017456584824,-0.0659979848341381,-0.06310822808492113,-0.06310920569725323,0.9079400233713721,0.9094485686825581,0.32397134424150986,0.38621632106045156,0.8817781448945635,0.8825616962083599,0.8817562892982685,0.8817562892982685,0.8817562892982685,-0.06489582669222446
269,-1.5395704115011286,-0.7222259517028418,-0.7608725455729157,-0.7275807543210187,-0.7528920630455684,-0.6458408229862846,-0.75941378571147,-0.04703843116934703,-3.4499422406257403,0.4978473389994722,-2.2245157608640493,16.991204563578773,-3.4474169613664185,-3.447491069919772,-3.447491069919772,-3.447491069919772,-0.5670707657644529
270,0.44840250085532996,-0.2891031058277926,-0.29867575492130377,-0.27989326201892495,-0.27975299478463816,-0.3000876144862965,-0.3000953990367752,-0.585304260921305,-0.7275156998478381,-0.35973699984623725,-0.30349677048494345,-0.7246883937586696,-0.7246897094347042,-0.724582152343049,-0.724582152343049,-0.724582152343049,-0.30366312408824575
271,0.16167184640028615,-0.03773159245536972,-0.038150363040445,-0.03751562655309791,-0.038514194627982445,-0.03786720403874659,-0.0382505931856723,0.47872953560033854,0.4048903749814578,0.25746909697048415,0.12588035008364412,0.45715581321156745,0.3948391102767563,0.39475644307301583,0.39475644307301583,0.39475644307301583,-0.054050584133715426
272,-0.4216726713996158,-0.36723741171738833,-0.36706254808306255,-0.3721379241612295,-0.3721074621224214,-0.36633040742248946,-0.3663372755837078,-0.023794119819514292,-0.02148730363306972,0.05926588326764015,0.03509347660841833,0.04042172162095914,0.039884773566061016,0.040972845579969164,0.040972845579969164,0.040972845579969164,-0.40413912832469534
273,-0.054308368060099615,0.09636476362804895,0.09158675347394295,0.10868577221436808,0.10836213534622906,0.08995500441095293,0.08992360931704503,-0.0895976394362966,-0.02544743983149618,-0.0177045923747203,-0.02787163068861573,0.03608022134791762,0.037348981926045036,0.03908396949719474,0.03908396949719474,0.03908396949719474,0.08820285259903528
274,0.10250477424141291,-0.2158991883259933,-0.21869971832671553,-0.20732991989236382,-0.20795039670360305,-0.21985536057289812,-0.2198527147766285,-0.30468509007970335,-0.29653057833318675,-0.07134915358552052,-0.013379272424542288,-0.3538437283814207,-0.353684339542056,-0.35391100624324895,-0.35391100624324895,-0.35391100624324895,-0.22307432216897594
275,-0.026352713636397008,-0.013440089600898673,-0.01345106816783991,-0.011345933162693281,-0.011048208999051474,-0.013544049971596259,-0.013542781035862041,0.1818628318948576,0.06427836209574088,0.07425076137478646,0.00689476998964525,0.07109194689566711,0.07089021975474517,0.07099054110713213,0.07099054110713213,0.07099054110713213,0.0006340331074669407
276,0.06794107103838998,0.07612547074322815,0.07645950856552997,0.07214193351545475,0.07225729713218323,0.07655976411295956,0.07655857136916613,0.6558234176441804,0.7038109497166011,0.18547270500007265,0.20652982208802304,0.715316058028552,0.7152023447518986,0.7153808865803055,0.7153808865803055,0.7153808865803055,0.06510754290641219
277,0.14024620060389384,0.1541589869728825,0.15421602000518647,0.16189770935972642,0.1621143508472674,0.15374662661789212,0.15376246733387824,0.567863868505946,0.5696221741201256,0.3097993373904939,0.3156182321882376,0.5360043226338441,0.536916808483385,0.535438780044975,0.535438780044975,0.535438780044975,0.22714946687036236
278,-1.469623531809217,-1.3168549323002159,-1.313316726610772,-1.3197370377281705,-1.3214840182523901,-1.3020838124528002,-1.3126393208222173,-1.5500462183224482,-2.172722575600223,-1.030842802551038,-1.4723801286375153,-0.995589973845646,-2.157033549382666,-2.15579529740212,-2.15579529740212,-2.15579529740212,-1.3624579253541105
279,-0.06747375960355628,-0.1558833460661308,-0.15936879654212865,-0.13481914605185363,-0.13532518626948792,-0.16056851037171438,-0.1605712420508888,-0.5252662123412676,-0.5586506122425654,-0.19958383407852226,-0.23838968025356277,-0.5666212626395241,-0.5666779365097454,-0.5672381652919498,-0.5672381652919498,-0.5672381652919498,-0.14663620246984993
280,0.12241527896596122,-0.1191929158221075,-0.1191990065384263,-0.1037123577170932,-0.10365190803315372,-0.11945542959897254,-0.11944668170794276,-0.08736385558854343,-0.09020192890859996,-0.4163089547899619,-0.4134993432465546,-0.09280049121327805,-0.09322192939904378,-0.09284579491365053,-0.09284579491365053,-0.09284579491365053,-0.051513485192541175
281,-0.19002256487685631,-0.08455201282038116,-0.08459000181723653,-0.06679583887775342,-0.06728056525892923,-0.08414500724970786,-0.08415116764178165,-1.8702638348688816,-1.8711292028209108,-1.0875192981579391,-1.1208976108470776,-1.8454238941571834,-1.8460751986227824,-1.8446356103090307,-1.8446356103090307,-1.8446356103090307,0.08985168181828929
282,0.05781952448395322,-0.08648228309834116,-0.08650281443726993,-0.10295007824702673,-0.10284723713282462,-0.08651560325255492,-0.08651764171766785,0.3368457494733017,0.33315981467679734,-0.1807648051777826,-0.17070415993992394,0.3654485908069254,0.3640760349270342,0.36840156738550167,0.36840156738550167,0.36840156738550167,-0.03918023507249302
283,-0.9322046270536691,-0.7878280735339206,-0.7900150911948313,-0.7823572138589464,-0.7828323294041071,-0.7905316328862444,-0.7905337346386054,-0.8098787931996589,-0.9003986884716154,-0.33931989330555257,-0.47949670431934094,-0.915505265070806,-0.9157116341891037,-0.9185365980529623,-0.9185365980529623,-0.9185365980529623,-0.8260893481300741
284,-0.5048290085993847,-0.4945542062671826,-0.49496757947664083,-0.46740680453097605,-0.4676854897181042,-0.49579079333431797,-0.4957936960138569,-1.2245049079715344,-1.2312441626489548,-0.6063113146071477,-0.6037045320966765,-1.2348380780981838,-1.234617552042605,-1.2373269509413238,-1.2373269509413238,-1.2373269509413238,-0.3964638859249592
285,0.014639682071276416,-0.15214853904520842,-0.15308383574492823,-0.11744555299532311,-0.11772634793110015,-0.15393256404507705,-0.15382525048380802,-1.6487363398149024,-1.6562126995924997,-0.8577741728538816,-0.848108011769353,-1.6569482380780312,-1.6561847936795522,-1.66038029425788,-1.66038029425788,-1.66038029425788,-0.0379189383292009
286,-0.012219894124595815,-0.11048770398285544,-0.11048542711347684,-0.11161898512848867,-0.11162847028439545,-0.11048281935934309,-0.11048238428872034,0.6023920349399564,0.6022989082980168,-0.08908901761563726,-0.09361013881063997,0.6016522450576963,0.6007832929610516,0.6031638887143246,0.6031638887143246,0.6031638887143246,-0.1114045265627167
287,0.019084956854191315,0.2957798928494797,0.29482577135014565,0.3206743418227467,0.32259640064074213,0.2933159235598226,0.2940370061779458,-0.2139739182078368,-0.22257387562729342,0.039262411784531714,0.13937588007676938,-0.25961891327076037,-0.2433665478171002,-0.26622832149067527,-0.26622832149067527,-0.26622832149067527,0.36834212647727926
288,-0.011348730479035255,0.006922541905318758,0.006956262045917011,0.0052823773942247305,0.0053710786607608675,0.006964510513088051,0.006985966192864273,0.17310469869582612,0.17742944372402153,0.02132385508188086,0.03220995681452496,0.17821043731391,0.18123043184611526,0.18725369731120445,0.18725369731120445,0.18725369731120445,0.002332044080623291
289,-0.10717534628938719,-0.014365015441998197,-0.014397444136234006,-0.038091783332422996,-0.03810980797351926,-0.013988305400746498,-0.014428715148796373,0.6747363502909203,0.6746671113326674,-0.1267024899243397,-0.12460951336049922,0.676534827255845,0.6795190510800818,0.6784821079019662,0.6784821079019662,0.6784821079019662,-0.0038889984027576374
290,-0.1941335113363189,-0.2049129046789419,-0.20400910449217743,-0.2056366393860647,-0.2057045571257092,-0.20390328249513173,-0.2040077041948603,-0.18317077662135978,-0.20429429424040632,-0.18769668711044438,-0.1125288781613668,-0.19769948289513684,-0.20388457643324448,-0.19593230191444036,-0.19593230191444036,-0.19593230191444036,-0.19613923066699207
291,0.5442908136006062,-0.9874250445088402,-0.987656577329078,-0.9545973129609022,-0.9544432826396518,-0.9877737030153662,-0.9869542620330768,-0.9102366023229442,-0.9168770319476172,-0.5291302269264009,-0.5290456498334262,-0.9135086253632916,-0.8986514570166032,-0.8786308096813806,-0.8786308096813806,-0.8786308096813806,-1.0493007008753525
292,-0.012041654400887072,0.4251556526054321,0.4263820388689128,0.3807287167212379,0.38207947664142045,0.4240820661564982,0.4251258055038863,1.3608748998427478,1.446047433253172,0.0037794518252817714,0.02557526483576978,1.3108926245308123,1.3721205434774788,1.7431443633637875,1.7431443633637875,1.7431443633637875,0.4845090555270025
293,0.19720078222352,0.09955959656213131,0.09652751926695502,0.14474396722685667,0.14501735077502897,0.09956210383024722,0.09763453810082146,-0.49288756807351736,-0.5210507600776122,0.01385994663754564,0.12759597436005266,-0.4944781485656087,-0.5076613692161371,-0.577115650861303,-0.577115650861303,-0.577115650861303,0.08009601311760406
294,-0.0827471887303936,-0.08175513837847831,-0.08175715080326242,-0.08174616973066876,-0.0817471276473876,-0.08175593628903412,-0.0817475090703464,-0.07110179955227797,-0.07080084964293169,-0.06974284197717776,-0.07046890747379442,-0.07143227317412423,-0.06711723585956371,-0.0656281716750558,-0.0656281716750558,-0.0656281716750558,-0.08159151589889874
295,-0.3348385543890018,-1.0335775545786234,-1.036370867513949,-0.9846099361983591,-0.9851722629953317,-1.0371279049488114,-1.0355558713363733,-1.6242347395618628,-1.7743459454795063,-0.530384384207887,-0.7558417851220758,-1.7768317641283327,-1.773816357638595,-1.8238690343971877,-1.8238690343971877,-1.8238690343971877,-1.044631272673903
296,-0.43915551876301606,-0.4830269134997209,-0.4891202956811926,-0.4727309186129616,-0.4731170447496337,-0.4894646618997741,-0.48870919276557495,-0.5739254573453222,-0.3898824840999643,-0.4331868484636928,-0.4707342250423325,-0.3775770374838168,-0.40578897080922616,-0.3630406669770463,-0.3630406669770463,-0.3630406669770463,-0.48200976056279554
297,0.16345846268898234,0.0831213834530109,0.08342592182247954,0.0985049010520671,0.0987126074812179,0.0835515946283576,0.0844651482105867,-0.47320939968754794,-0.4564187310439043,0.22728601472008614,0.23993875316566804,-0.45290342494683955,-0.401437263712886,-0.5691180798515139,-0.5691180798515139,-0.5691180798515139,0.09453660746382053
298,-1.1280125685036795,-1.1259339361248855,-1.125951071463257,-1.1201238656153885,-1.1201794072237798,-1.12555402576329,-1.125806338079182,-0.6820240872004664,-0.6814145494711736,-1.0530764856573636,-1.0461419757066526,-0.7023848493061393,-0.6937702659608923,-0.6625660488584804,-0.6625660488584804,-0.6625660488584804,-1.127696870638095
299,-0.564746411621828,-0.59397016573132,-0.5938759512000027,-0.58580748781875,-0.5857756914958834,-0.593503540364553,-0.5933265571615914,-0.5902733633894486,-0.5868222760255483,-0.18328609625901077,-0.17756812609616457,-0.5682049867214615,-0.5609019705140034,-0.6000928416733008,-0.6000928416733008,-0.6000928416733008,-0.6000852726650635
300,-0.5339036643744884,-0.44111313421317633,-0.44183701873498527,-0.41725601369585924,-0.4171317432288471,-0.4403053298101194,-0.4407726320858406,-0.5885453200081414,-0.5856264448281423,-0.2857918509015468,-0.27137875174090836,-0.587887294625015,-0.5789030600061082,-0.5854459986460533,-0.5854459986460533,-0.5854459986460533,-0.4771909853773124
301,-0.2304394739039936,-0.22034568982842215,-0.22028951527266413,-0.215457267234715,-0.21538264209772887,-0.22020475985768925,-0.2200757644208571,-0.2224681296445909,-0.22355424641103347,-0.1544576781557095,-0.15025476766810725,-0.22584478413847148,-0.22731551395580088,-0.2196574828967372,-0.2196574828967372,-0.2196574828967372,-0.22307555127977088
302,0.8677803319732349,0.6418430183353826,0.6405911448084325,0.5727059587729573,0.5715158923197453,0.6401914088546798,0.6352864068707187,1.033568337264298,1.0017749163325576,0.04964390360676175,0.039344248736215885,1.0021993500877748,0.8838812929264414,1.102502609434649,1.102502609434649,1.102502609434649,0.7353039480763277
303,0.06078262063011064,0.14644781626593362,0.146552731825061,0.13588356506978438,0.13569658275098084,0.14685289239185784,0.14764513569064186,0.2032561740595653,0.19408263908019263,-0.017903927906336214,-0.02443942139663491,0.17943278584843736,0.11866530630189565,0.23427744335247247,0.23427744335247247,0.23427744335247247,0.12638570402554772
304,-0.028231157764719874,-0.04589916419497893,-0.045916710321334604,-0.04632945443718537,-0.04633153489941151,-0.04599379222555195,-0.04610101332029502,0.053166275619940286,0.058791775367286615,-0.021206526712108008,-0.021462565460453588,0.0935025000305316,0.13897800254433024,0.0370809741462309,0.0370809741462309,0.0370809741462309,-0.04308953038323044
305,-0.40721073833952726,-0.4491846286581265,-0.4491056044271269,-0.43164231447505386,-0.4317894607883405,-0.4435863220864355,-0.4450229912042167,-0.4671093490367111,-0.4682014018223325,-0.2694824539722629,-0.27181437223303084,-0.47438873781622487,-0.48425227186858694,-0.44853597437793247,-0.44853597437793247,-0.44853597437793247,-0.4642037521432907
306,0.14287776005994024,0.37958538026588823,0.37963553386041365,0.3851100564798413,0.38517920124774635,0.38150623742729645,0.38189917996855205,0.22839180722524527,0.22780277739621205,0.08176998618294314,0.08218877272027861,0.22566342309019288,0.22333966947780576,0.22661624268215214,0.22661624268215214,0.22661624268215214,0.41407167910022835
307,0.11488074827572926,0.0007820474719731884,0.000778089173538287,0.0004391261593033135,0.00043331860464105036,0.0007408797145068601,0.0007262228287093801,0.048157717705378175,0.05120077776591581,0.019639321107947316,0.020772060155779995,0.08785981483637953,0.10855614127782719,0.0408600685769757,0.0408600685769757,0.0408600685769757,0.00297339519668769
308,0.3552524504620034,-0.28198055038114767,-0.2826658273748981,-0.3175841635306119,-0.31759538777580165,-0.30158416127600995,-0.3002727693301691,-0.2530919924508477,-0.27180918458935,-0.4364361539449159,-0.44038687209458083,-0.4949531616223024,-0.4991952789333624,-0.19557376956398553,-0.19557376956398553,-0.19557376956398553,-0.2902246632632295
309,-0.33727320475310524,0.09262958534991228,0.09314705679222146,0.10467562264651187,0.09731689311590774,0.11611582234391538,0.0967291471809727,-0.30130612300462206,-0.2949525506262669,1.414010859826079,-0.1450513097942518,0.45354568144248397,-0.2395832450528873,-0.30464320421780067,0.6150794410332278,-0.30464320421780067,0.11141880411927718
310,0.05911779920500486,0.06707912598442127,0.06711009879775943,0.06415541029753463,0.06432759734658529,0.06628984501721495,0.0660615632750459,0.05731072599075911,0.038380265103059565,0.07808754367061753,0.00013677832695895736,0.1813062455429703,0.00962399278152028,0.03849239439539108,2.642062272211672,0.03849239439539108,0.06796834659560969
311,0.13528828638213908,0.14635086257101884,0.14633588950470217,0.13482777615983393,0.13484838052255957,0.14178002013726332,0.1418207804509519,0.3096769545979026,0.3095232434624174,-0.014044114536568987,-0.011552869647147503,0.2459397436451175,0.250488392040464,0.30968981175492705,0.30968981175492705,0.30968981175492705,0.1533160029739177
312,-1.186048985934678,-1.336347462726132,-1.3362946535266782,-1.3096372144891748,-1.3096663003793627,-1.3214472594124673,-1.3210048221771522,-1.4215988635267118,-1.4213287019447807,-0.8164789701668644,-0.8219222610068871,-1.2413350495401663,-1.2243816592843069,-1.4216073112006153,-1.4216073112006153,-1.4216073112006153,-1.3746490528189301
313,0.09188461755102946,0.15809850791953922,0.1581139658382935,0.16080758691998848,0.16106562110563133,0.1665391010821816,0.1621996605783574,0.1864924604528389,0.18705363654978174,0.03412278787064857,0.08729423637432655,0.5061896918784844,0.3230668922136406,0.1865099489328752,0.1865099489328752,0.1865099489328752,0.17371795923182148
314,-1.0887804509603531,-1.080052126730127,-1.0800062705072555,-1.0567421369627685,-1.0566179479262197,-1.0640079243310951,-1.065962291551253,-0.9723848452069619,-0.9733895947135471,-0.7945523260306122,-0.7912129713695746,-1.1068746163028387,-1.111909368227842,-0.9723194944263231,-0.9723194944263231,-0.9723194944263231,-1.088057177035989
315,-0.9609932034257868,-0.8509347990249133,-0.8508301937850922,-0.8123768594403187,-0.8126843718170417,-0.8200945902089065,-0.8220074208211792,-0.9895808205263673,-0.9884658667845485,-0.2912109492278947,-0.3080203185870375,-0.26480607160710146,-0.33546976399168593,-0.9896181011065041,-0.9896181011065041,-0.9896181011065041,-0.900748693466217
316,-0.6263456014181408,-0.5596934427023141,-0.559628637400226,-0.5359998020468959,-0.5360533370598957,-0.5359165599527895,-0.5401180455638602,-0.3563188444296561,-0.35470214886734847,-9.78148208811147e-05,0.0006464026881700669,0.4112592158345614,0.19257592704259374,-0.35644349699871347,-0.35644349699871347,-0.35644349699871347,-0.6413098862248712
317,-2.654116470421346,-2.591020823520893,-2.590778525172101,-2.448737277102731,-2.4611555143865376,-2.4631745776213516,-2.4901360628214246,-3.224240133152433,-3.2233951532462934,-1.3424637133009714,-1.61154040807844,-2.289942039651489,-2.521158327112615,-3.224929286978757,-3.224929286978757,-3.224929286978757,-2.710251595123074
318,-0.6051178608095201,-0.5935182294952009,-0.5935074193023148,-0.5895031121188306,-0.5893521300716655,-0.5914825901224783,-0.591501196268484,-0.5132856408031428,-0.5124445823881814,-0.5992861662149935,-0.5877434921815362,-0.19978124948667725,-0.33817442922354213,-0.5133115285720501,-0.5133115285720501,-0.5133115285720501,-0.586519592871441
319,0.6817476786692704,0.6000147882488729,0.6001226107233548,0.6209439157629997,0.6206308507672267,0.6216049575432232,0.6183982941232566,0.743449548581269,0.7449928329307088,0.27582261736315977,0.2888120155424475,0.8968166621454192,1.0635732872017458,0.7433895821567847,0.7433895821567847,0.7433895821567847,0.5490497728734917
320,-1.2687713045493259,-1.1861445352122642,-1.1852534269215664,-1.0208542306041921,-1.0215556816032987,-1.0603808453205164,-1.0604869598479216,-2.4583896963854373,-2.4571057845019357,-1.1983587344207272,-1.1653706202369514,-2.2422405453665712,-2.166597503459903,-2.458423108514365,-2.458423108514365,-2.458423108514365,-1.2597768085080687
321,-2.298003221031827,-2.167435124261635,-2.25492218946359,-2.162376571005773,-2.1955573284562764,-2.1768375073582265,-2.209186829800054,-2.292883035220048,-2.236610195288901,0.5650693063304839,-1.6897689852062427,-2.368122652595545,-2.369858432355475,-2.2351128931099984,-2.2957638416855275,-2.2351128931099984,-2.303907560223066
322,0.21109277500641177,0.34022215070734374,0.3744781292656847,0.34567960527233865,0.34975014813810223,0.35117400788231534,0.347988869390083,-0.5229950311247319,0.09288576891158118,-0.29174593542835897,-0.18104075875930747,-0.42999626901099264,-0.4837860234650986,0.09925482541948638,-0.5234472855153934,0.09925482541948638,0.4543615007663988
323,-0.011499793881903538,-0.04007175901109787,-0.04002471345349483,-0.03927387092094126,-0.039259953617993615,-0.03827955972247486,-0.03815402071899494,0.15434840068614872,0.1460161167791885,-0.025405618329262893,-0.028922456804138807,-0.0510488589283412,-0.051681154494051786,0.1548092288859071,0.1548092288859071,0.036607360577846304,-0.030761848690199104
324,0.8410745563754441,0.8033957260595351,0.8043091390055838,0.8174994600294029,0.8174181697403221,0.8300392200988257,0.8305024928312731,-0.5685398400827184,-0.5675945982377987,-0.22161810753875494,-0.22410120544711798,-0.3045701351762851,-0.30034833930888755,-0.5685883929379142,-0.5685883929379142,1.000357578188341,1.040475205335373
325,0.012674611262981528,0.01200699385878436,0.01204507241088049,0.013584112240700108,0.0135700878998525,0.013900999530372143,0.014011243276793955,0.041350129210974335,0.04065500824141582,0.009368366483900565,0.010358026425970116,0.03525243865291545,0.030476364129144298,0.041398182108870515,0.041398182108870515,-0.0032640793591104736,0.035399066541651134
326,0.009570582268702381,0.0674820784562851,0.06750823663583588,0.06453659554362007,0.06590861789501407,0.06520129743840675,0.06576808048419244,0.0327603580522818,0.03295206690038391,-0.013335647676697706,-0.009106213951900945,-0.01896942793541672,-0.016907406981799385,0.032746561562796025,0.032746561562796025,0.09944999235174312,0.08667198318997091
327,-0.31590676179179406,-0.3069679471386108,-0.3069944776529846,-0.3092882426698346,-0.3092417478361783,-0.3103388290964524,-0.3098791753496845,-0.20387381275450162,-0.20414252298447721,-0.16189980144238147,-0.1634628517832039,-0.3163477144930872,-0.31018994175127296,-0.20385487956938447,-0.20385487956938447,-0.27610405524172354,-0.3029262345456057
328,0.24660576941529022,0.24441059764306378,0.24460124164531472,0.255569658466177,0.2564270036004697,0.2535744480231117,0.2554275868351296,0.10385288423311112,0.10518341103145562,0.13154956348331864,0.13831902009293418,0.2534160220401716,0.2515527246614699,0.1037895315799775,0.1037895315799775,0.7553673725836264,0.3135858300049751
329,0.16754170577569888,0.1150348142412183,0.11503304897569074,0.11472050436078511,0.1143996697505781,0.11892293740658448,0.11876816284750537,0.28375261587185013,0.28374173209529097,0.13139813254955673,0.11659511626766873,0.40818553353346515,0.41998101997972553,0.2836212031184699,0.2836212031184699,0.3287950371253896,0.136165369517598
330,0.2450787992139819,0.20420606917532447,0.2043542825419595,0.21464095309785608,0.21441223642753143,0.21464153537887176,0.21572016793971874,0.051818992972648976,0.050875312445619256,0.003247837949610986,0.0038749873630209274,0.008808657243510841,0.005413178159946223,0.05190688203367864,0.05190688203367864,0.4082268413571886,0.29885454629989494
331,0.03819765064294163,0.0021140562394176277,0.0021726909804896805,0.004600213460987546,0.004853167965593097,0.006253663301526588,0.0067609259695095986,-0.07656507005555259,-0.07661077142094118,-0.05685526230690571,-0.058684430047737324,-0.07478693774335196,-0.0731725238241018,-0.07656515118779554,-0.07656515118779554,0.26359193450893864,0.05418993324643112
332,-0.04999486543232473,-0.017717300751004333,-0.017715142578249105,-0.017915898868330143,-0.017987175153945933,-0.017547050823969484,-0.017896889985110034,-0.09005012863038941,-0.09003631939264005,-0.04773053394794263,-0.04848250884168995,-0.06037037239135354,-0.07275897964181169,-0.09005150750222025,-0.09005150750222025,-0.06780606397644522,-0.024393996207926483
333,-0.08822346742619258,-0.22437773283296725,-0.22437497806157358,-0.2279584236250618,-0.22776430530249414,-0.23349969050618724,-0.234129750390492,-0.9430593632807122,-0.9430423598355063,-0.6720093420493556,-0.6606061432401511,-0.9402103906769451,-0.9384772333688275,-0.9430610151264143,-0.9430610151264143,-0.7450736719363913,-0.30231982426902326
334,-1.1720405408676902,-1.1680069026651014,-1.168422623329217,-1.1662381742936931,-1.1698472985357493,-1.1533002680645588,-1.1728421697362374,-1.0310194455032158,-1.1386494082484901,0.9159413295181926,-0.7540509806032637,28.675422265421624,-1.1884846180874473,-1.1386428381351952,-1.1386428381351952,-1.052370384713616,-1.2112504342315273
335,-0.5428222038206069,-0.4652678661430195,-0.4652710338493288,-0.4501500769753195,-0.4500512296390946,-0.46073650845716935,-0.4613010034521197,-0.8720886647666999,-0.8720998392212284,-0.5011901939156312,-0.4908507237643715,-0.8076843286689359,-0.8151548766918353,-0.8720864787591034,-0.8720864787591034,-0.8720864787591034,-0.4971980281678105
336,-0.01760608035011957,-0.027844023154802812,-0.02783917979826691,-0.026924137218794216,-0.026942016764974302,-0.02729024137053013,-0.027318102877440163,0.07862823360063724,0.07711077237306943,-0.025827304393466727,-0.02621544593324538,-0.02065241574673907,-0.01809181360346912,0.07878902038589107,0.07878902038589107,0.07878902038589107,-0.025804411053277528
337,-0.8276917290743413,-0.8357721485744577,-0.8357695509838131,-0.8391339510721119,-0.8390654265068977,-0.8381554430169752,-0.8383423895090891,-0.3698307934399658,-0.36885209758793985,-0.2460994972419137,-0.2497887136645477,-0.355659255843092,-0.4268083791596694,-0.3696470972108177,-0.3696470972108177,-0.3696470972108177,-0.8373043376989329
338,0.3617865179489995,0.35582810244917723,0.35579990517343196,0.36565528260289687,0.36452904390099095,0.3652784547307292,0.363849078167389,0.578344460803226,0.578368677883301,0.1601618147496343,0.15683797066461122,0.51030262378523,0.504857888940951,0.5782896260345345,0.5782896260345345,0.5782896260345345,0.4569700677101463
339,-0.38575458878535074,-0.4192562952141583,-0.4192438433861612,-0.4121510090483774,-0.4121193432242682,-0.4139438342715608,-0.41394539475826725,0.633555605241302,0.6313893610684432,0.124775888027302,0.12187217861485977,0.1458866706036568,0.11497355035300771,0.6337698631826222,0.6337698631826222,0.6337698631826222,-0.35293268247181275
340,-0.0039886383914380565,-0.0007369215428745502,-0.0007318782870588013,0.0037810350216592927,0.003782396762438134,0.002854280874594115,0.002634433660570727,0.5635945678185477,0.5612424607321949,0.08119863581458399,0.08203059686001149,0.046489080767723255,0.08641339779070382,0.5639416642178909,0.5639416642178909,0.5639416642178909,0.03339960997463261
341,0.2224496805258569,0.13724093884715716,0.13725378746738864,0.13937367171539888,0.13902142859731337,0.1423916887895088,0.14231487452361968,-0.0918308690568955,-0.09161950957207596,-0.0244182248262957,-0.04146353333868619,0.040319705858433016,0.018510837090738183,-0.09232426755033254,-0.09232426755033254,-0.09232426755033254,0.17863508109985238
342,-0.4921766813013397,-0.5661963469799375,-0.5660120858768344,-0.5470201122766685,-0.5469085930054643,-0.5527349866600773,-0.5532501651458043,-0.7772525333225131,-0.7772770413607426,-0.5500775800646887,-0.5515410362114949,-0.766561094518879,-0.7654014375006615,-0.7772443074991083,-0.7772443074991083,-0.7772443074991083,-0.537835318768664
343,-0.4768757995170694,-0.49799136575741687,-0.4985559898637535,-0.5087753408138063,-0.5092335878497167,-0.5143017357435125,-0.512585975368562,0.2587036561654994,0.2157589185374964,-0.1306355527309544,-0.1707344132251769,-0.762263660745305,-0.6698416999267583,0.2887530830637435,0.2887530830637435,0.2887530830637435,-0.5069424305473991
344,-0.09105360927414977,0.04657930996012505,0.04528062901930069,0.038437661850831695,0.03942446925943538,0.036932282565136865,0.03676582775246395,1.0726637434286295,0.971170992402353,-0.28032833477824615,-0.27637047499233913,0.1518954842769874,0.055926342757345926,1.0766447201890639,1.0766447201890639,-0.2867758375318377,0.12029683083720605
345,-1.1173413485659782,-1.769938970434123,-1.7604715684841914,-1.7230118020158296,-1.7227673832854684,-1.7369516724226295,-1.7368938776515597,-2.6060569732618175,-2.5421092332292194,-1.4768545465361622,-1.4934812899314787,-2.2548562113172705,-2.3207213611924224,-2.6070342536801308,-2.6070342536801308,-2.6070342536801308,-1.7012588079036703
346,0.4714173189481648,0.689353840900467,0.659325993032113,0.6620879367588683,0.6578398971458875,0.6743778447499474,0.6690429386364682,1.2178002583986618,1.2302554647340695,0.3194482426731223,0.4001366005420873,1.0472865036839334,1.0474019801870948,1.2315698016648902,1.2177233932151288,1.2177233932151288,0.6604887035698034
347,-0.39298216155313404,-0.40344198066822073,-0.40334582826483595,-0.39759905551847524,-0.3975747765472426,-0.4005833886046033,-0.39992891911084255,-0.1624504351841849,-0.1921243517359375,-0.474782449623604,-0.47655485142689313,-0.5056534512957186,-0.5149098970673027,-0.1542881318365058,-0.1542881318365058,-0.4195370311045298,-0.36649798387405186
348,0.0006092500735007701,-0.013077530879497328,-0.013159461782916597,-0.01434539099719618,-0.014368526931574404,-0.016013217397576756,-0.015470806643105135,0.18839470046542273,0.1852124747198951,0.04916885578395541,0.05001288378152777,0.07188682845708187,0.07824133414557632,0.19066296000182742,0.19066296000182742,0.04099755904795385,0.016937530239252242
349,-0.820635001199378,-0.8204618851334737,-0.8204886344574716,-0.8209347683636106,-0.8209613059277767,-0.8213239230360942,-0.8213650403556276,-0.7198748096547842,-0.7252435492436966,-0.5600760609026763,-0.5769396678480467,-0.8160731389823384,-0.8169050797637569,-0.717786870660018,-0.717786870660018,-0.7845263352183353,-0.8181612429964288
350,-0.7079676137997128,-0.4514397133009711,-0.45146032891447613,-0.4602952961719554,-0.4604151738049738,-0.45966185151813765,-0.46094558781920114,-0.18494275933122262,-0.18617776409006126,-0.12935158781346634,-0.13306760970086384,-0.26387533814883524,-0.2656497540584761,-0.1845750917846246,-0.1845750917846246,-0.26396764765337727,-0.5279515262099235
351,0.5739564795056703,0.5264618938907545,0.5273200407851275,0.544628244485491,0.5461712483867931,0.5590671972575694,0.5627326936344781,0.2574459029192775,0.263059369269015,0.08358382519413085,0.09406812847862495,0.4436230149954709,0.45550788039915036,0.25603753641098487,0.25603753641098487,0.5822974494041889,0.633911751842782
352,0.020376856937774725,0.14677889863662524,0.14691158755210226,0.1488156930960745,0.14874491935866146,0.14819646229702904,0.1481754360423946,0.041657537441278265,0.04229003695490679,0.02444203259043981,0.02726622513033642,0.03511128874073604,0.04203765869692306,0.04152773961161486,0.04152773961161486,0.21974430142228746,0.18294169488281045
353,-0.6047351841822681,-0.825381535603168,-0.8259018770429247,-0.8354649031209035,-0.8351993532130897,-0.8462239251033843,-0.8451810695073285,-0.665605612058264,-0.6727004228305458,-0.531638468206101,-0.5204944954845108,-0.907242912683494,-0.8999798167877092,-0.6628667368948304,-0.6628667368948304,-0.7061586590400513,-0.8080504796699381
354,-0.08586015161888572,-0.5142319465240974,-0.5150836137752752,-0.5062648416145878,-0.5076858854290307,-0.5387049307649505,-0.5382133498015258,-1.672400103965395,-1.669669662926875,-0.915631960960037,-0.9254608036844032,-1.499224358858142,-1.464527811659179,-1.6736759467215683,-1.6736759467215683,0.3537699506818157,-0.27763692715796773
355,-0.24648667259759752,-0.4728365589720667,-0.4728922368642987,-0.4727673782133527,-0.4728214209534477,-0.4738990402567503,-0.47434744167232656,-0.4446859248862213,-0.4451269127674918,-0.4087913149448308,-0.41096485036933217,-0.4665233364567885,-0.47201360300965567,-0.44455243551165347,-0.44455243551165347,-0.47592854065892326,-0.47118158273169886
356,-0.06170629368386189,0.015516809853340821,0.015741852210640978,0.01783585470628435,0.018021927849258254,0.019512134236856646,0.02017252314178207,0.05251018141687322,0.05430978818620216,0.028559063829740966,0.03014708036789432,0.041039777764780294,0.04326822584333051,0.051928457572651354,0.051928457572651354,0.3096591058141062,0.025272106404031214
357,-0.38586785204244756,-0.3148236285626592,-0.31444510044979,-0.3151541589454038,-0.31467878301660046,-0.3120103613724642,-0.31077789336753003,0.12378903931067403,0.1244915845180809,-0.023393901872194645,-0.0367283974204653,-0.07563724072912148,-0.1387499497540981,0.12360031383207754,0.12360031383207754,-0.061249708411265424,-0.2994862079101792
358,-0.6725486062948189,-1.1070639344465318,-1.1082994273633948,-1.108099561783371,-1.1116062672748726,-1.1272312697711357,-1.1310669565742688,-1.6744709979376269,-1.6757642525428316,-1.026416392416555,-1.062939373608251,-1.6356444028773232,-1.6282876552300873,-1.674183166539183,-1.674183166539183,-1.7270695084696481,-0.9998418492123832
359,-0.26168465727025336,-0.16600213378203998,-0.1660237320078503,-0.16706078853115564,-0.16679839007505104,-0.16528755806395773,-0.1665043263435375,-0.1266526668775792,-0.12710977456409117,-0.02175522993333673,-0.022803918532781076,0.026282020891773727,-0.023423066921581415,-0.1261520903517812,-0.1261520903517812,0.5282896695217704,-0.22734954399959004
360,-0.24358335767762979,-0.21612552459992576,-0.20774739085919386,-0.21784001815487844,-0.21844117365981766,-0.21564857820265,-0.21532222440610183,0.15192776590420276,0.46625005775543626,0.1590387699514637,0.09369433991726195,0.17773282066544294,0.16872663829698142,0.47690269550653397,-0.1825213410338556,0.41675970048965005,-0.26555780091933867
361,-2.1300890386877676,-2.163921406781274,-2.163921200395007,-2.1639310857849936,-2.1639694612503297,-2.1639960351188052,-2.1639685767617616,-2.1413928537575573,-2.1413959827786155,-1.6573193244315747,-1.7436389643855819,-2.1535243263801607,-2.151919100799756,-2.1425306810780915,-2.1425306810780915,-1.9699043299983452,-2.162456816844752
362,-0.021680991872993285,0.0009823627767432674,0.0063658514302875335,-0.00137831428479758,0.0017668692502255667,0.002724153398359838,0.0014871432384371136,0.13382859880082543,0.26960936821522086,0.03163990105710475,0.08592922100624982,0.16932267141627766,0.15455233059672302,0.2745601737307734,-0.012949089801615604,-0.012949089801615604,-0.03197006683139521
363,-0.2017857965824973,-0.33824164409605817,-0.33976663442424543,-0.3245566922223762,-0.3271098557450396,-0.3389679818990689,-0.3496589684343228,-0.6056483986640717,-0.6066689063098841,-0.2676410275666384,-0.28286086096450674,-0.540153246165384,-0.542061568399698,-0.6052217200606643,-0.6052217200606643,-0.6453505592490911,-0.4051476869329932
364,-0.43839161392988085,-0.4754489537187028,-0.4752307240716238,-0.47126305895123616,-0.4712552282109053,-0.4732615998793046,-0.4713532487089844,-0.5225141935580263,-0.5230978985846615,-0.3813954891771607,-0.38840441340462173,-0.5222186299645281,-0.5131894659105771,-0.5223334198112883,-0.5223334198112883,-0.4769656118044244,-0.4577306157293775
365,-0.5298283826726403,-0.5690033046385337,-0.56993526863128,-0.5737900864658252,-0.575344548915808,-0.5715081313288772,-0.577920217118054,-0.6699515250990296,-0.6706779922963946,-0.9427857125595952,-0.9572343062089913,-0.6461003334352777,-0.6599575708248433,-0.6697483092574701,-0.6697483092574701,-0.7015595237157056,-0.5857951320334305
366,-0.0015977873229368385,0.021663358220901548,0.021154228090437113,0.013808894250741468,0.013117819882798813,0.015020395355265233,0.014429683131593433,0.4646368281712945,0.4362359888684023,0.021473892474617107,0.013409767216664266,0.11113185432941003,0.09684898617834607,0.47677965198930633,0.47677965198930633,0.027295805576223676,0.016827406186235218
367,-0.25418853884391535,-0.3355621749500862,-0.33271414942800653,-0.32296912181996856,-0.32059851378068,-0.32811323026336575,-0.29206144049212784,-0.3108232772265702,-0.3048120129073111,-0.18467721278266497,-0.22117648302192927,-0.3624976027142851,-0.2095466239743382,-0.3128054785827724,-0.3128054785827724,-0.031416679435400385,-0.13330010791382685
368,-0.07394204231416301,-0.11007193950886576,-0.10988035257434332,-0.10907488985213078,-0.10954415235570643,-0.1092674949232094,-0.10719356314191711,-0.08607562374645417,-0.08550747302792924,-0.05353475833153026,-0.06351359688459908,-0.0952848107243609,-0.08235485015654931,-0.08626775810606742,-0.08626775810606742,-0.057671421247712004,-0.10469353187647867
369,-0.048590668132669115,-0.038314659515010806,-0.03843840659588162,-0.03665500073936205,-0.036864026950672105,-0.03782600846578469,-0.03859393111233977,0.16477683389770276,0.15776041231724686,0.0030683613095733656,-0.006931589930095815,0.0475324403914809,0.02285476892540793,0.1674689158663325,0.1674689158663325,-0.03937970417738958,-0.04228533116410555
370,-0.27797086563757567,-0.40052013863580854,-0.4002880921618771,-0.4031270255364263,-0.40358009387829863,-0.40198027576595596,-0.4001603109963506,-0.3541647190504954,-0.35227931966578807,-0.250158223774151,-0.26793315957701375,-0.3906608236287592,-0.37664072825672884,-0.35474337868007955,-0.35474337868007955,-0.2332883185723642,-0.39073506403012204
371,0.3862476056557109,0.19416817295095035,0.19555379180193982,0.17875005680780645,0.17972305518699863,0.1906662116626649,0.19686993049822782,0.6744091570251214,0.6785765482977028,0.11209199642836813,0.1125766690921877,0.49020408951217154,0.5244044292067841,0.6727998969582056,0.6727998969582056,0.947972483233207,0.24424179445314875
372,0.0626651324805033,0.039017153143918015,0.039961313234552875,0.06527872425787706,0.06776893285866921,0.053830678080962494,0.05739639074748695,0.0444625662634254,0.03691605860218751,-0.043066587142351974,-0.037163425257349454,-0.040499183932619365,-0.046394454476818225,0.04775731979958239,0.04775731979958239,0.11294277629169812,0.11890576549852748
373,-0.31688274065548294,-0.17113477836656188,-0.17232971154166155,-0.1488839090563827,-0.14975279589420676,-0.16523278907081884,-0.1673118839825588,-0.6130052769877765,-0.6127786357514742,-0.2512715878226368,-0.24689664128981192,-0.48142675655364014,-0.44755747187557154,-0.613058923640715,-0.613058923640715,-0.6110039803784282,-0.19699038890797005
374,0.002639516138296499,0.01815541645871689,0.018658887318736814,0.023352551256462017,0.02414982995162516,0.021883702637111375,0.023693117424733352,-0.0007554654705071943,-0.0017916869423121899,-0.003871652802093649,-0.0031399205463475445,-0.0020462775821769716,0.0017562137197668116,-0.00030350716520462185,-0.00030350716520462185,0.2485343426202221,0.05336568551899915
375,0.010121607723410302,-0.023868236419782144,-0.023610777904932906,-0.02347559256010113,-0.023062914418778006,-0.023292655547392193,-0.022888489655458588,0.014361697237017232,0.015700477042147096,-0.007022802169730107,-0.005137573334625001,-0.019317742256290345,-0.026456308767639766,0.01386026054378861,0.01386026054378861,0.13790769741382977,-0.017486335629488713
376,-0.013116732819966857,-0.03716776331053762,-0.03713395812220735,-0.03194202234350582,-0.031871500800213004,-0.0338478643636648,-0.0330209426319452,-0.0713321996058662,-0.07129781347769214,-0.0631554502848003,-0.06480801840802558,-0.06317981956972198,-0.05960115757544305,-0.07134111399726982,-0.07134111399726982,-0.06146502660136125,-0.020868205836049966
377,0.6974888488620785,0.520376752253249,0.5164184084884469,0.5584957116750822,0.5632129864638338,0.5453601614681829,0.554806350810102,0.13443115696743435,0.11440038656936302,0.1321130768164509,0.16565219835655953,0.24247630729993475,0.29750517007538435,0.09755534636621377,0.09755534636621377,1.0695835802206803,0.6754316306228925
378,0.08873431973525789,0.09644152040136825,0.10573487770368109,0.08569514314436724,0.08379541024483561,0.09132533836467338,0.08863221744904703,0.36137588015884814,0.4963540242653771,0.12996053538676358,0.11666685899275064,0.2884844115260691,0.2521278388263193,0.5117183683298389,0.5117183683298389,0.5117183683298389,0.05864134036935009
379,-0.35169316415847285,-0.3409846186220489,-0.3417464508942173,-0.3413658734142002,-0.3418907307392424,-0.3414441357892355,-0.3419601423611593,-0.3514669472546301,-0.35391228701776883,-0.2285276848962472,-0.24165660893119967,-0.33252105804330223,-0.32743408466729557,-0.3510037261747732,-0.3510037261747732,-0.3510037261747732,-0.349344041163806
380,0.04621951844968375,-0.020433021315994122,-0.022548382143715313,-0.02513618215022753,-0.02512922908573258,-0.024881694953931523,-0.025050177015225307,0.7881932897134566,0.5676502212941056,0.023866776342431912,0.013421803828978219,0.2130731105405067,0.16241123515353265,0.7950266816439305,0.7950266816439305,0.7950266816439305,-0.017642415130803973
381,-0.024469080366356255,0.1388583748388305,0.13050875481177482,0.153898185481048,0.1522364542029821,0.15413997650695938,0.15703226334976933,-0.28286655072441824,-0.2854925743686119,-0.30485769675127694,-0.3166456463192586,-0.2401596621905197,-0.23841888890781682,-0.2826212230769076,-0.2826212230769076,-0.2826212230769076,0.2480960676797972
382,0.09131693882558045,0.028856449122256544,0.016942222844698013,0.030016789651205092,0.030058031648660583,0.026422095579645727,0.028056994759367737,-0.01023680605531085,0.02519867881321297,-0.016409637970652396,-0.015781044049102303,0.024828314702604506,-0.011630261118264327,0.029237798844158322,0.029237798844158322,0.3320621256288707,0.06205437493822055
383,0.373176855266121,-0.4032549710103558,-0.39995319538562657,-0.2718882037378564,-0.26738751398045457,-0.29170149429569237,-0.27877559117454176,-1.0787234032501316,-1.077823379910493,-0.5842266136996794,-0.5828819189152301,-0.8448324377076042,-0.7928365146084563,-1.0790451349139434,-1.0790451349139434,-1.0790451349139434,-0.07976062133288941
384,-0.9682092915912639,-0.44575259522058475,-0.4055727247619605,-0.46979415962822046,-0.4569937434423239,-0.4642906232107096,-0.45416528461703964,-0.0786032059004993,0.02995798539022898,-0.08467167023279165,-0.027185941670088365,-0.15557040906525743,-0.12242703254915965,0.09369284671429012,0.09369284671429012,0.09369284671429012,-0.5501433720931652
385,0.026595393761649128,-0.01878452055652104,-0.012382011163336724,-0.027576056780744318,-0.027800987937325626,-0.02463296495348753,-0.02762545344249545,0.17051662041506774,0.32770093646949894,-0.026311811820299222,-0.02775213376736179,0.06903166878446997,0.020550549632499006,0.3532247469322388,0.3532247469322388,0.3532247469322388,-0.03555108658762702
386,0.012113601525598913,0.011252515779207758,0.021101435659179844,-0.000230778512127848,0.001215779006662955,0.0004412435391156974,0.001571000216286686,0.40949213326880474,0.5906978698716543,0.02206902867890638,0.03533590493675261,0.2239329365052072,0.27366071531568303,0.5834190293517394,0.5834190293517394,0.5834190293517394,-0.013910429581470124
387,0.8169936535594866,0.8056948917135076,0.8057214822360543,0.7636730241761656,0.7691120561117739,0.7728657903212872,0.7768215879637643,1.0059944483676901,1.0054157798663454,0.5413631633347669,0.5072147072268547,1.09748265661642,1.042819980193662,0.9982224063860954,0.9982224063860954,0.9982224063860954,1.0168398989489078
388,-0.604088523460653,-0.6030774727406549,-0.6023610013568427,-0.6027774382315222,-0.6021552026994812,-0.6028357927819455,-0.6024508939178791,-0.5936635404950715,-0.5788229119152993,-0.6002698338538763,-0.4586978967277139,-0.599366934509786,-0.5948496287325875,-0.5657647402564108,-0.4331837541985073,-0.5657647402564108,-0.5974071776112679
389,0.2902200875387806,-0.012848093932090854,-0.01316537405569762,0.026794434369552866,0.025935495725368796,0.023718999687064368,0.025867279351083128,-0.5265907592378739,-0.5184756434260079,-0.48039798006748696,-0.3954515676686009,-0.5217817032242754,-0.5580742847117244,-0.5173080064841807,-0.5173080064841807,-0.5173080064841807,0.2788569149924415
390,0.5675816418991997,0.7680691276347531,0.625651191734439,0.7440442005629968,0.6521406279340676,0.6951168357470965,0.6512866851755412,1.520423729072636,0.5534916088255559,1.0851266670990563,0.24665568643099312,0.7327965237247742,0.47264738275433227,0.5517085602101752,-0.1780779474538252,0.5517085602101752,0.6948741478131379
391,-0.025967775401043947,-0.15310702815593202,-0.17065902322132287,-0.1678931099646051,-0.16349749733735458,-0.15040145916954406,-0.15486976936789737,-0.07183941003069833,-0.4316881610031295,-0.16702519397930538,-0.10836106538169343,0.03257156304361741,0.16846734184608742,-0.436384313664696,-0.436384313664696,-0.436384313664696,-0.013080416267940487
392,0.14294026225060108,0.1572571441899794,0.16991736986369804,0.15595872275841718,0.15880895187176347,0.15738137704822203,0.16033608201754407,0.05110067959211588,0.2830905848425937,0.024265677965199236,0.0769516496042445,0.03453422434833113,0.1366802479477397,0.2821366390467969,0.16954293233593537,0.2821366390467969,0.17819019459327015
393,1.2195424254689775,0.5419284793610624,0.5441053873347329,0.7371322673015464,0.738648824129895,0.7383554666876151,0.7601549385283852,-0.0395610957272588,-0.0336545531098944,0.15088874827716503,0.16575741743649897,0.5856061207123482,0.6819043105351199,-0.04939898258029379,-0.04939898258029379,-0.04939898258029379,0.48863080401351866
394,-1.519469989954331,-1.3329078930628977,-1.3582597543520185,-1.3304007448602553,-1.3195169608300161,-1.3234520894965947,-1.3233766942703558,-1.6950340758413012,-1.5675622651978829,-1.5115316310577218,-0.8031347905802269,-1.3138452422715483,-1.0712378623723533,-1.5678951469098599,-1.68458973917372,-1.5678951469098599,-1.3979562918652473
395,-0.23704145624675627,-0.06282106134939436,-0.06091551430207609,-0.06158114009426774,-0.0608903733156374,-0.06094327905176611,-0.05629497486024154,3.8822574789066633,-0.33469527955086753,-0.35768572509508045,-0.24370971415041748,1.0261202751732252,-0.42645383689549393,-0.3395648508842314,3.9496427327573813,-0.3395648508842314,0.043804831756368734
396,-0.007513813226875772,0.09646987720070978,0.13099710127144293,0.08546125476794762,0.08158931410850226,0.08400744861026588,0.0807399403460106,0.258697290664918,0.2838310815037016,0.3403331289170357,0.011739275962439134,0.3675764324827891,0.12154280080370133,0.3338039861542511,0.23121063114080678,0.3338039861542511,0.22714572480918344
397,-0.03770123559180105,-0.010448472919946217,-0.010067400864348208,0.0267175905525473,0.025243478507139705,0.02869654037560021,0.028053843169175585,-0.31415399318916276,-0.31017167056181105,0.012144873604793549,-0.02950979846626911,0.23238912393678257,0.16880167893211595,-0.339156324015829,-0.339156324015829,-0.339156324015829,0.020769488788751067
398,0.5444320010972701,0.6141358414559925,0.6037952901463772,0.4797601053515707,0.4808545745918525,0.46775813006573647,0.4718688418518539,1.7833106374504157,1.6986039785479123,0.6134844957473782,0.6184007137666965,1.3425787066899877,1.3318269318708555,1.8142465296468275,1.8142465296468275,1.8142465296468275,0.6105399840964716
399,0.6475551527759612,0.3795289932882005,0.4262843090186355,0.38326682472902357,0.39545209426192973,0.3943855585585997,0.3928240194064455,-0.029996449708188058,1.0279626338028565,0.05831395314059884,0.29602098237241653,0.2696589973813911,0.5911864695602809,1.135756364748828,-0.028416302973811085,1.135756364748828,0.387627137933244
