oos_period,centrality_type,model,centrality_score
20,eigenvector,1,2.1127437050005825e-05
20,eigenvector,2,0.0426425145596364
20,eigenvector,3,0.00039574976567584096
20,eigenvector,4,9.759782793206797e-10
20,eigenvector,5,2.4971220134834723e-05
20,eigenvector,6,1.7944446789738734e-09
20,eigenvector,7,9.699884527771075e-10
20,eigenvector,8,1.787855510720873e-07
20,eigenvector,9,0.002091530431298484
20,eigenvector,10,0.9548238646803168
20,eigenvector,11,5.937892520372992e-08
21,eigenvector,1,0.7867101071357941
21,eigenvector,2,0.10438322429239709
21,eigenvector,3,3.3975079454343157e-06
21,eigenvector,4,0.10886206162778753
21,eigenvector,5,8.278194595252123e-11
21,eigenvector,6,3.8437566051603025e-11
21,eigenvector,7,3.8437566051603025e-11
21,eigenvector,8,3.8437566051603025e-11
21,eigenvector,9,3.8437566051603025e-11
21,eigenvector,10,3.928497721747081e-05
21,eigenvector,11,1.924221326005947e-06
22,eigenvector,1,0.8290211576773056
22,eigenvector,2,0.01356323487695575
22,eigenvector,3,0.00816656246370681
22,eigenvector,4,0.09597632102168727
22,eigenvector,5,1.2646925667549981e-09
22,eigenvector,6,4.085104538791171e-05
22,eigenvector,7,5.6374835404300146e-05
22,eigenvector,8,1.7668711919133175e-10
22,eigenvector,9,0.02854279834118858
22,eigenvector,10,0.02463269811929718
22,eigenvector,11,1.7668711919133175e-10
23,eigenvector,1,0.14971869246139097
23,eigenvector,2,0.0189701060503324
23,eigenvector,3,0.010005341518299878
23,eigenvector,4,2.7435210462324624e-09
23,eigenvector,5,2.452574875063306e-10
23,eigenvector,6,9.253396062891271e-10
23,eigenvector,7,0.007303685509862297
23,eigenvector,8,2.452574875063306e-10
23,eigenvector,9,0.27031959085567164
23,eigenvector,10,0.44232268399800745
23,eigenvector,11,0.10135989544605978
24,eigenvector,1,0.12341496090339953
24,eigenvector,2,0.1219282027267884
24,eigenvector,3,0.32371260066657764
24,eigenvector,4,0.013295399612819343
24,eigenvector,5,0.06750076724274487
24,eigenvector,6,0.006341085210147128
24,eigenvector,7,0.007746936731640926
24,eigenvector,8,7.162742697892192e-11
24,eigenvector,9,0.14896031937590035
24,eigenvector,10,0.12260939190348506
24,eigenvector,11,0.06449033555386931
25,eigenvector,1,0.35811326434531615
25,eigenvector,2,0.010774328476656202
25,eigenvector,3,1.5984727252591768e-10
25,eigenvector,4,0.039084031472796515
25,eigenvector,5,7.680415955156547e-05
25,eigenvector,6,1.5984727252591768e-10
25,eigenvector,7,0.42430138608635265
25,eigenvector,8,1.5984727252591768e-10
25,eigenvector,9,0.10500558897489237
25,eigenvector,10,4.721760307501735e-10
25,eigenvector,11,0.06264459553171668
26,eigenvector,1,0.010773219112981987
26,eigenvector,2,1.0607194685649834e-09
26,eigenvector,3,1.0607194685649834e-09
26,eigenvector,4,0.09651108147435462
26,eigenvector,5,1.752924460972184e-08
26,eigenvector,6,1.0607194685649834e-09
26,eigenvector,7,0.6161416441693796
26,eigenvector,8,1.0607194685649834e-09
26,eigenvector,9,0.15466787681471175
26,eigenvector,10,0.01953211722914536
26,eigenvector,11,0.10237403942630395
27,eigenvector,1,0.0008793094837611042
27,eigenvector,2,3.733821421657887e-07
27,eigenvector,3,6.489168445060704e-09
27,eigenvector,4,0.22406909027325686
27,eigenvector,5,2.3063304508470352e-05
27,eigenvector,6,0.0038331200175861454
27,eigenvector,7,0.000838142233545919
27,eigenvector,8,6.489168445060704e-09
27,eigenvector,9,0.07207180429771894
27,eigenvector,10,0.6917105844658802
27,eigenvector,11,0.006574499562263183
28,eigenvector,1,0.22044263543861803
28,eigenvector,2,0.13019858002179407
28,eigenvector,3,0.14358954590436487
28,eigenvector,4,0.06807152128562431
28,eigenvector,5,0.00448714165564049
28,eigenvector,6,0.039116746518753374
28,eigenvector,7,0.015993743794079737
28,eigenvector,8,8.58671544756141e-11
28,eigenvector,9,0.19973797636963803
28,eigenvector,10,0.16810828388821406
28,eigenvector,11,0.010253825036405652
29,eigenvector,1,0.0773555433851274
29,eigenvector,2,0.045097596845683395
29,eigenvector,3,2.2968558113047077e-10
29,eigenvector,4,0.016425110391498896
29,eigenvector,5,0.11119063856337633
29,eigenvector,6,0.2723977691688848
29,eigenvector,7,0.0345491170197908
29,eigenvector,8,0.08325582016054484
29,eigenvector,9,0.08411659320512743
29,eigenvector,10,0.2756118107995948
29,eigenvector,11,2.2968558113047077e-10
30,eigenvector,1,0.5342014193162509
30,eigenvector,2,0.06818250462981505
30,eigenvector,3,0.040586874939146145
30,eigenvector,4,0.0081342806228265
30,eigenvector,5,0.0724496148079855
30,eigenvector,6,0.11082747578638809
30,eigenvector,7,0.11133619008997048
30,eigenvector,8,0.026532221795148997
30,eigenvector,9,0.019265033832188774
30,eigenvector,10,0.008349798050007818
30,eigenvector,11,0.00013458612927182514
31,eigenvector,1,0.0014715969009252284
31,eigenvector,2,0.012845541215831242
31,eigenvector,3,0.31043769762744533
31,eigenvector,4,0.0009435162292509553
31,eigenvector,5,0.006292080890275869
31,eigenvector,6,0.013203802592480919
31,eigenvector,7,0.5485531937302199
31,eigenvector,8,0.10274129589783741
31,eigenvector,9,0.0004945384922406024
31,eigenvector,10,0.0019140990604035845
31,eigenvector,11,0.0011026373620889691
32,eigenvector,1,0.0047439623766863505
32,eigenvector,2,0.01057620431849346
32,eigenvector,3,0.04036788891412515
32,eigenvector,4,0.034470624340414084
32,eigenvector,5,0.0005006382536215245
32,eigenvector,6,0.13302762424729292
32,eigenvector,7,0.22219189040203713
32,eigenvector,8,0.11534783323410223
32,eigenvector,9,0.2043318447714861
32,eigenvector,10,0.15715369075363433
32,eigenvector,11,0.07728779838710671
33,eigenvector,1,0.004589280131415223
33,eigenvector,2,3.2245344629102456e-11
33,eigenvector,3,0.07457526997506113
33,eigenvector,4,0.006024695934054143
33,eigenvector,5,0.033898010034365995
33,eigenvector,6,0.016747176717053867
33,eigenvector,7,0.20700915629759092
33,eigenvector,8,0.003885156286706233
33,eigenvector,9,0.3220358007334217
33,eigenvector,10,2.0520007703321193e-05
33,eigenvector,11,0.331214933849382
34,eigenvector,1,0.0003395690772785122
34,eigenvector,2,5.2796316472139585e-05
34,eigenvector,3,0.47262877224544125
34,eigenvector,4,0.0001216986626894041
34,eigenvector,5,3.720812216265364e-05
34,eigenvector,6,0.00027246058198850776
34,eigenvector,7,0.07008151402525364
34,eigenvector,8,0.02219538215490485
34,eigenvector,9,0.375057262919326
34,eigenvector,10,5.3723246846394786e-05
34,eigenvector,11,0.05915961264663657
35,eigenvector,1,0.0011730754193172623
35,eigenvector,2,0.0279721221495082
35,eigenvector,3,0.882734028359458
35,eigenvector,4,0.001011132650743859
35,eigenvector,5,5.321619002694911e-07
35,eigenvector,6,0.0006309748690307754
35,eigenvector,7,0.010695821831222573
35,eigenvector,8,6.001970747316965e-07
35,eigenvector,9,0.03287747141851399
35,eigenvector,10,2.1193612809831737e-05
35,eigenvector,11,0.042883047329420734
36,eigenvector,1,0.01688664265632163
36,eigenvector,2,0.3366024466420358
36,eigenvector,3,0.2841042177751077
36,eigenvector,4,9.320832898077526e-11
36,eigenvector,5,2.0545852121949357e-05
36,eigenvector,6,0.0019962024233711726
36,eigenvector,7,7.095076893789718e-05
36,eigenvector,8,9.320832898077526e-11
36,eigenvector,9,0.359159780452389
36,eigenvector,10,0.0002687914633319079
36,eigenvector,11,0.000890421778966328
37,eigenvector,1,7.734611474841631e-05
37,eigenvector,2,0.07761703102710259
37,eigenvector,3,8.153359447312816e-06
37,eigenvector,4,1.068258560753555e-08
37,eigenvector,5,0.7810236559913989
37,eigenvector,6,0.08990691863147472
37,eigenvector,7,7.437525380407977e-05
37,eigenvector,8,1.068258560753555e-08
37,eigenvector,9,6.121303644261684e-05
37,eigenvector,10,0.05123127453682431
37,eigenvector,11,1.068258560753555e-08
38,eigenvector,1,0.11979133871105506
38,eigenvector,2,6.949226802481386e-06
38,eigenvector,3,1.0095874870401255e-09
38,eigenvector,4,1.3374856794215864e-07
38,eigenvector,5,0.1294238463454952
38,eigenvector,6,0.7474932736303469
38,eigenvector,7,0.002629429402038169
38,eigenvector,8,1.0095874870401255e-09
38,eigenvector,9,2.9780941450201244e-06
38,eigenvector,10,0.0006520478117866345
38,eigenvector,11,1.0095874870401255e-09
39,eigenvector,1,0.9293054354661475
39,eigenvector,2,8.039038091369088e-06
39,eigenvector,3,9.001829954682226e-10
39,eigenvector,4,8.297618720818211e-08
39,eigenvector,5,0.05659655833538298
39,eigenvector,6,0.00711502364316743
39,eigenvector,7,0.003422674041895432
39,eigenvector,8,2.8391898115366917e-05
39,eigenvector,9,1.0195210759488547e-05
39,eigenvector,10,7.342269482006756e-08
39,eigenvector,11,0.003513525066375431
40,eigenvector,1,0.20372346966514823
40,eigenvector,2,0.027505908440210756
40,eigenvector,3,0.0002877693760083721
40,eigenvector,4,0.07687035045736702
40,eigenvector,5,0.03387055484012996
40,eigenvector,6,0.09673546764387043
40,eigenvector,7,0.05053419941824912
40,eigenvector,8,0.2576874032553233
40,eigenvector,9,0.050965783363145604
40,eigenvector,10,0.10157416183840867
40,eigenvector,11,0.10024493170113827
41,eigenvector,1,0.00021561061861491182
41,eigenvector,2,0.04225373505559065
41,eigenvector,3,0.013228044256840548
41,eigenvector,4,0.6172274007048486
41,eigenvector,5,0.023582999527128834
41,eigenvector,6,0.11142591365642454
41,eigenvector,7,4.424111326091378e-11
41,eigenvector,8,0.16495658797590387
41,eigenvector,9,4.453165769770668e-11
41,eigenvector,10,0.012686145034217965
41,eigenvector,11,0.01442356308065727
42,eigenvector,1,0.12491086502903226
42,eigenvector,2,0.03692368974742478
42,eigenvector,3,2.3743699295753056e-10
42,eigenvector,4,6.08730411493699e-11
42,eigenvector,5,2.0784771934206712e-10
42,eigenvector,6,0.00010502295048281314
42,eigenvector,7,6.082565909868948e-11
42,eigenvector,8,0.029335194371646417
42,eigenvector,9,0.7232992198203527
42,eigenvector,10,2.550679125225936e-05
42,eigenvector,11,0.08540050072182546
43,eigenvector,1,0.03622439961662195
43,eigenvector,2,0.03791490130414733
43,eigenvector,3,0.4307825729821825
43,eigenvector,4,0.04091511621593255
43,eigenvector,5,6.311331773516964e-05
43,eigenvector,6,0.03059351661222102
43,eigenvector,7,0.25022238961235715
43,eigenvector,8,0.0033745922877708675
43,eigenvector,9,0.09562822378186088
43,eigenvector,10,0.0001258491250812857
43,eigenvector,11,0.07415532514308926
44,eigenvector,1,0.0002442592273134954
44,eigenvector,2,0.007137025351191764
44,eigenvector,3,0.37057401248946803
44,eigenvector,4,0.11964500127768404
44,eigenvector,5,0.11050018061108356
44,eigenvector,6,6.198680315208604e-05
44,eigenvector,7,0.21053180235851038
44,eigenvector,8,7.960972747073371e-05
44,eigenvector,9,0.13861517377123447
44,eigenvector,10,0.018375497512534106
44,eigenvector,11,0.024235450869357543
45,eigenvector,1,0.02236606765304599
45,eigenvector,2,1.6726195357252724e-09
45,eigenvector,3,0.7985635220544571
45,eigenvector,4,0.019280435627094153
45,eigenvector,5,2.520189235817062e-09
45,eigenvector,6,6.510944319844001e-10
45,eigenvector,7,7.900620274745495e-11
45,eigenvector,8,0.0898181931322546
45,eigenvector,9,0.06997177252122921
45,eigenvector,10,9.391346165183196e-10
45,eigenvector,11,3.148874840681686e-09
46,eigenvector,1,0.03429272230433713
46,eigenvector,2,0.0015467347937222166
46,eigenvector,3,0.963909531832769
46,eigenvector,4,0.00018453983050357938
46,eigenvector,5,2.5132494090787183e-08
46,eigenvector,6,9.17216289212894e-06
46,eigenvector,7,4.142655758338929e-10
46,eigenvector,8,4.1067913958946113e-10
46,eigenvector,9,4.613190346861058e-07
46,eigenvector,10,5.610941743434706e-05
46,eigenvector,11,7.02380868127435e-07
47,eigenvector,1,0.00016184061775887602
47,eigenvector,2,0.014887113903949437
47,eigenvector,3,4.725950977653652e-10
47,eigenvector,4,2.325980231870403e-05
47,eigenvector,5,0.9848131704225286
47,eigenvector,6,2.393241537572593e-07
47,eigenvector,7,0.00011324310227389092
47,eigenvector,8,4.672212661117764e-10
47,eigenvector,9,4.713434870277357e-10
47,eigenvector,10,4.837370810607891e-07
47,eigenvector,11,6.476777758203318e-07
48,eigenvector,1,0.047460868564004145
48,eigenvector,2,4.7096764583269795e-05
48,eigenvector,3,4.745730818245809e-05
48,eigenvector,4,0.030631472602908934
48,eigenvector,5,0.33206027274532607
48,eigenvector,6,1.078657701660215e-11
48,eigenvector,7,0.03781867059489707
48,eigenvector,8,0.2619007161793891
48,eigenvector,9,0.29003344519863633
48,eigenvector,10,1.9499058932157936e-11
48,eigenvector,11,1.0787059852730596e-11
49,eigenvector,1,0.19098559366537893
49,eigenvector,2,0.020247459088291026
49,eigenvector,3,0.20640149459021012
49,eigenvector,4,0.0613973312689853
49,eigenvector,5,0.037657802374056026
49,eigenvector,6,0.00042728863236907757
49,eigenvector,7,0.04697671186265458
49,eigenvector,8,0.2447004131554172
49,eigenvector,9,0.19120589360912635
49,eigenvector,10,1.172926319479184e-08
49,eigenvector,11,2.32483416738486e-11
50,eigenvector,1,0.0007565785734659846
50,eigenvector,2,0.0132370469117628
50,eigenvector,3,0.0044479148231686486
50,eigenvector,4,0.10325614034636783
50,eigenvector,5,0.00390306542922398
50,eigenvector,6,5.915487630821735e-09
50,eigenvector,7,0.016116295940019072
50,eigenvector,8,4.119551225805507e-09
50,eigenvector,9,3.373665767242746e-10
50,eigenvector,10,0.13874533526057356
50,eigenvector,11,0.7195376123420125
51,eigenvector,1,0.11151782504541324
51,eigenvector,2,0.05219843332283936
51,eigenvector,3,2.2227954485841465e-11
51,eigenvector,4,0.053457078135859204
51,eigenvector,5,0.005379604229654501
51,eigenvector,6,0.18877994628089587
51,eigenvector,7,0.1626270784448916
51,eigenvector,8,4.106177179471809e-11
51,eigenvector,9,0.30632024166066935
51,eigenvector,10,1.6165796975402545e-05
51,eigenvector,11,0.11970362701851193
52,eigenvector,1,0.0957931692703975
52,eigenvector,2,0.14939610395354555
52,eigenvector,3,1.179056090023006e-05
52,eigenvector,4,0.12963617980115247
52,eigenvector,5,1.2255400962007743e-11
52,eigenvector,6,0.0790129652276947
52,eigenvector,7,0.06794287750309028
52,eigenvector,8,0.2592694911565906
52,eigenvector,9,1.1324242633418854e-11
52,eigenvector,10,0.14702206282147354
52,eigenvector,11,0.07191535968057543
53,eigenvector,1,0.13085322950189734
53,eigenvector,2,3.313223145106832e-09
53,eigenvector,3,1.4816119464912287e-11
53,eigenvector,4,0.11918509627422662
53,eigenvector,5,1.5796762640907703e-05
53,eigenvector,6,1.0817432649103941e-05
53,eigenvector,7,0.034490134863112004
53,eigenvector,8,0.4657704404756155
53,eigenvector,9,7.94288949800801e-06
53,eigenvector,10,0.099962589795788
53,eigenvector,11,0.14970394867553333
54,eigenvector,1,0.20011353157316888
54,eigenvector,2,5.258108783364344e-06
54,eigenvector,3,7.643563933221886e-05
54,eigenvector,4,0.13469128135617184
54,eigenvector,5,6.974179452930234e-06
54,eigenvector,6,1.7916358559739553e-05
54,eigenvector,7,1.7463031359282923e-08
54,eigenvector,8,0.5340371821888916
54,eigenvector,9,0.13104449245056268
54,eigenvector,10,3.543516234498223e-07
54,eigenvector,11,6.556329421798906e-06
55,eigenvector,1,2.377545003329717e-05
55,eigenvector,2,2.3568161967927453e-08
55,eigenvector,3,0.00013321985356125286
55,eigenvector,4,0.06851672717286414
55,eigenvector,5,0.052275150393527745
55,eigenvector,6,1.900857416585032e-10
55,eigenvector,7,0.020724027333639913
55,eigenvector,8,0.6072336426523233
55,eigenvector,9,0.03522477013683903
55,eigenvector,10,9.958571525697639e-08
55,eigenvector,11,0.21586856366224844
56,eigenvector,1,0.020791389254562018
56,eigenvector,2,0.0007498055851739395
56,eigenvector,3,1.0281505922244512e-07
56,eigenvector,4,0.03077471519749169
56,eigenvector,5,1.0713171471486568e-09
56,eigenvector,6,2.521714905043997e-05
56,eigenvector,7,0.4072004183110733
56,eigenvector,8,0.5357734886275933
56,eigenvector,9,0.00172098062915223
56,eigenvector,10,0.0018005232695426333
56,eigenvector,11,0.0011633580889840753
57,eigenvector,1,0.0003805375361250396
57,eigenvector,2,0.033352781315450775
57,eigenvector,3,5.216079640646728e-08
57,eigenvector,4,0.01140862721835587
57,eigenvector,5,8.226718358859161e-10
57,eigenvector,6,2.612380763519903e-05
57,eigenvector,7,0.9372024272688393
57,eigenvector,8,0.01733491637807678
57,eigenvector,9,8.846411187314476e-10
57,eigenvector,10,8.231721356923024e-10
57,eigenvector,11,0.0002945317832355881
58,eigenvector,1,0.08413183292214359
58,eigenvector,2,0.00015341811188766702
58,eigenvector,3,0.18938200298794827
58,eigenvector,4,6.872545518785983e-05
58,eigenvector,5,1.7040362369826773e-08
58,eigenvector,6,0.3690884136421405
58,eigenvector,7,4.7839749731439624e-05
58,eigenvector,8,0.09090177424673794
58,eigenvector,9,0.10324394522365304
58,eigenvector,10,5.5453604443109405e-09
58,eigenvector,11,0.1629820250738467
59,eigenvector,1,0.009858680667671118
59,eigenvector,2,0.03829846843747187
59,eigenvector,3,0.02311089494650149
59,eigenvector,4,0.03662621008720512
59,eigenvector,5,3.8785919874219064e-11
59,eigenvector,6,0.04227070159231596
59,eigenvector,7,0.03007061231848669
59,eigenvector,8,0.05109813212337746
59,eigenvector,9,0.4036662610598233
59,eigenvector,10,0.019234099027303574
59,eigenvector,11,0.34576593970005753
60,eigenvector,1,0.001959050023214252
60,eigenvector,2,0.0003577006968401103
60,eigenvector,3,2.5892425822099263e-09
60,eigenvector,4,0.01917750977042797
60,eigenvector,5,1.600194180519876e-10
60,eigenvector,6,0.012491533360001594
60,eigenvector,7,1.4314711460590639e-05
60,eigenvector,8,0.1839371064200277
60,eigenvector,9,0.5820350810586086
60,eigenvector,10,0.1491218899495027
60,eigenvector,11,0.05090581125965459
61,eigenvector,1,2.488140272890406e-08
61,eigenvector,2,0.00010321667183178917
61,eigenvector,3,2.2453341323038564e-07
61,eigenvector,4,2.2347000829548908e-06
61,eigenvector,5,0.0003645464608315287
61,eigenvector,6,0.0006454866311306329
61,eigenvector,7,0.011920802033473172
61,eigenvector,8,0.03845150712985353
61,eigenvector,9,0.9484783061529035
61,eigenvector,10,3.0495620335416165e-05
61,eigenvector,11,3.1551837416466195e-06
62,eigenvector,1,7.80603683854093e-09
62,eigenvector,2,1.1588801566097515e-08
62,eigenvector,3,1.1203563741532406e-07
62,eigenvector,4,3.43585265038746e-09
62,eigenvector,5,0.021285299912901103
62,eigenvector,6,1.992994400762447e-05
62,eigenvector,7,1.6152912372712226e-07
62,eigenvector,8,0.040207381368810385
62,eigenvector,9,0.9379161259112719
62,eigenvector,10,1.33851456321976e-06
62,eigenvector,11,0.0005696279519933975
63,eigenvector,1,7.96442075846276e-06
63,eigenvector,2,7.0884979300211435e-06
63,eigenvector,3,0.00018121455045538607
63,eigenvector,4,6.218848128480346e-09
63,eigenvector,5,0.07520411591137706
63,eigenvector,6,1.9434903369712975e-06
63,eigenvector,7,1.0510638295402536e-08
63,eigenvector,8,0.030173061651264866
63,eigenvector,9,0.8933218870184223
63,eigenvector,10,1.2914566190148e-10
63,eigenvector,11,0.0011027075998227948
64,eigenvector,1,3.0535298730414176e-05
64,eigenvector,2,0.23626500929797917
64,eigenvector,3,0.7127205224274549
64,eigenvector,4,0.0011049695026987582
64,eigenvector,5,0.0001478485454101378
64,eigenvector,6,0.0001134241467035761
64,eigenvector,7,0.04004170990027786
64,eigenvector,8,0.00270064678667274
64,eigenvector,9,0.002516915021150661
64,eigenvector,10,0.0010006281984624753
64,eigenvector,11,0.0033577908734593646
65,eigenvector,1,0.0009918475208625895
65,eigenvector,2,0.0017184116589198015
65,eigenvector,3,0.07996623173158784
65,eigenvector,4,0.09048727446226881
65,eigenvector,5,8.87556156553557e-08
65,eigenvector,6,0.7769818046743426
65,eigenvector,7,0.03865230767400069
65,eigenvector,8,0.007543118992982845
65,eigenvector,9,1.0574049381340691e-07
65,eigenvector,10,0.003658808676171188
65,eigenvector,11,1.1175399755148046e-10
66,eigenvector,1,0.003372923619255285
66,eigenvector,2,1.8492651015431544e-08
66,eigenvector,3,2.0705971583386237e-10
66,eigenvector,4,6.604961845412413e-08
66,eigenvector,5,0.0063496782843436555
66,eigenvector,6,0.2989767652614156
66,eigenvector,7,1.3431957205498528e-09
66,eigenvector,8,0.6899235696162312
66,eigenvector,9,3.836310399000785e-09
66,eigenvector,10,0.00137697308205982
66,eigenvector,11,2.068589501737971e-10
67,eigenvector,1,1.666679395672936e-08
67,eigenvector,2,1.0096343768403374e-06
67,eigenvector,3,1.5351789492308582e-08
67,eigenvector,4,0.002255318568625028
67,eigenvector,5,0.9738983712759338
67,eigenvector,6,2.7707242300800275e-07
67,eigenvector,7,4.169983135470275e-05
67,eigenvector,8,0.0003653948084455516
67,eigenvector,9,0.021751059289248535
67,eigenvector,10,0.0016800964020665873
67,eigenvector,11,6.74109794250562e-06
68,eigenvector,1,4.295135612314469e-10
68,eigenvector,2,0.40313597228135745
68,eigenvector,3,0.49980285858373735
68,eigenvector,4,0.0002524397568500209
68,eigenvector,5,0.011267599322112607
68,eigenvector,6,0.001293102229868556
68,eigenvector,7,0.04714709960596933
68,eigenvector,8,0.0007578784912816096
68,eigenvector,9,0.02361126236075946
68,eigenvector,10,0.0019759986545098544
68,eigenvector,11,0.01075578828304027
69,eigenvector,1,5.932882518237822e-09
69,eigenvector,2,0.0013621518358130115
69,eigenvector,3,0.020298016084173354
69,eigenvector,4,3.8874288950617964e-05
69,eigenvector,5,9.387030405017504e-09
69,eigenvector,6,2.1415983415863494e-06
69,eigenvector,7,0.0026792276115986573
69,eigenvector,8,3.8034140834431365e-06
69,eigenvector,9,0.928698845297086
69,eigenvector,10,5.9250691693573124e-09
69,eigenvector,11,0.04691691862397111
70,eigenvector,1,1.6614796957631606e-08
70,eigenvector,2,6.254624225385445e-05
70,eigenvector,3,0.4730592646342339
70,eigenvector,4,0.000141352748549636
70,eigenvector,5,4.4515949566372524e-08
70,eigenvector,6,4.5555240750009494e-05
70,eigenvector,7,3.3661040400211254e-05
70,eigenvector,8,1.8788197907570672e-08
70,eigenvector,9,0.0010246343779456001
70,eigenvector,10,2.1899482472326212e-08
70,eigenvector,11,0.5256328838964397
71,eigenvector,1,1.6968420228816098e-05
71,eigenvector,2,0.00010843990134736423
71,eigenvector,3,0.0005799159593783112
71,eigenvector,4,0.009818205361994008
71,eigenvector,5,4.324619550950259e-06
71,eigenvector,6,0.00034632750390307243
71,eigenvector,7,5.60094617749622e-08
71,eigenvector,8,1.3153654976961848e-05
71,eigenvector,9,5.086666012336156e-06
71,eigenvector,10,1.5913764709631202e-06
71,eigenvector,11,0.9891059305256753
72,eigenvector,1,9.788379098584022e-08
72,eigenvector,2,0.00022494203799038745
72,eigenvector,3,4.761939904086458e-06
72,eigenvector,4,0.94183092304407
72,eigenvector,5,2.3312667457428597e-09
72,eigenvector,6,0.04768796277281801
72,eigenvector,7,1.6452771380788122e-09
72,eigenvector,8,0.0008668791899492233
72,eigenvector,9,0.008774302539591229
72,eigenvector,10,1.6338875122252663e-09
72,eigenvector,11,0.0006101249804548076
73,eigenvector,1,1.3731023092833366e-06
73,eigenvector,2,0.003781416328854645
73,eigenvector,3,0.0006581907072285883
73,eigenvector,4,0.0015983519065848133
73,eigenvector,5,0.42146628442489786
73,eigenvector,6,0.5352238582030842
73,eigenvector,7,2.621659351870506e-10
73,eigenvector,8,2.3464787642991472e-05
73,eigenvector,9,0.03118180092233744
73,eigenvector,10,0.0059249941234142635
73,eigenvector,11,0.00014026523047999263
74,eigenvector,1,1.9074846864883976e-08
74,eigenvector,2,0.0008217681319506429
74,eigenvector,3,0.01748625128016108
74,eigenvector,4,0.8985086995005631
74,eigenvector,5,0.011215112830431214
74,eigenvector,6,4.94195797021429e-06
74,eigenvector,7,3.148183354015421e-10
74,eigenvector,8,0.07089239155329559
74,eigenvector,9,9.767998633356353e-06
74,eigenvector,10,0.0010059800810760075
74,eigenvector,11,5.506727525355485e-05
75,eigenvector,1,4.814725203333886e-08
75,eigenvector,2,3.2342009106831617e-06
75,eigenvector,3,7.395861241184182e-06
75,eigenvector,4,0.5368720646368389
75,eigenvector,5,0.4526860001162463
75,eigenvector,6,1.993239186927775e-06
75,eigenvector,7,1.1639665735550952e-09
75,eigenvector,8,0.0005026419586929075
75,eigenvector,9,2.846237135818492e-06
75,eigenvector,10,0.009923773272761307
75,eigenvector,11,1.1647672688900067e-09
76,eigenvector,1,1.2580801764318317e-05
76,eigenvector,2,0.38007828844375174
76,eigenvector,3,0.01374421568165787
76,eigenvector,4,0.03925030163620842
76,eigenvector,5,0.4572281413021387
76,eigenvector,6,0.0001568919028797407
76,eigenvector,7,0.0815678215857368
76,eigenvector,8,0.0007277468208450901
76,eigenvector,9,0.014902300954457295
76,eigenvector,10,0.010827034092102167
76,eigenvector,11,0.0015046767774578099
77,eigenvector,1,2.8750053118869417e-11
77,eigenvector,2,0.26432068888791127
77,eigenvector,3,0.016124119627346566
77,eigenvector,4,2.3332979306845303e-05
77,eigenvector,5,0.22723562785541573
77,eigenvector,6,0.12548396174254478
77,eigenvector,7,0.13255426452422808
77,eigenvector,8,9.224071433411507e-11
77,eigenvector,9,0.11045336735095387
77,eigenvector,10,0.12380463688156895
77,eigenvector,11,2.8733033849945496e-11
78,eigenvector,1,0.00375649377373744
78,eigenvector,2,0.00010188535135464559
78,eigenvector,3,3.116503751938775e-05
78,eigenvector,4,0.060323646710013466
78,eigenvector,5,0.27859298151416856
78,eigenvector,6,0.5205558454363596
78,eigenvector,7,0.022960312521900682
78,eigenvector,8,0.09911119004766292
78,eigenvector,9,0.014560311680359712
78,eigenvector,10,6.167786446474813e-06
78,eigenvector,11,1.394770167797896e-10
79,eigenvector,1,0.03144423160352031
79,eigenvector,2,0.00011737979713103615
79,eigenvector,3,0.1529908849396042
79,eigenvector,4,2.089981498788455e-05
79,eigenvector,5,0.02338869900439651
79,eigenvector,6,0.11936849569729463
79,eigenvector,7,0.40334708180274303
79,eigenvector,8,0.23025834727293745
79,eigenvector,9,0.02901553168736615
79,eigenvector,10,0.004635538636485038
79,eigenvector,11,0.005412909742533776
20,pagerank,1,0.06690792443379277
20,pagerank,2,0.1747655798563152
20,pagerank,3,0.08032198224732402
20,pagerank,4,0.039888561077510806
20,pagerank,5,0.07055572725920879
20,pagerank,6,0.03989749872253899
20,pagerank,7,0.039886839723520584
20,pagerank,8,0.0845366263407751
20,pagerank,9,0.08367103358516194
20,pagerank,10,0.272804119047578
20,pagerank,11,0.04676410770334886
21,pagerank,1,0.318010263939111
21,pagerank,2,0.2920434688856095
21,pagerank,3,0.01552328323899186
21,pagerank,4,0.2738897627732788
21,pagerank,5,0.015589012266855827
21,pagerank,6,0.013636363636350011
21,pagerank,7,0.013636363636350011
21,pagerank,8,0.013636363636350011
21,pagerank,9,0.013636363636350011
21,pagerank,10,0.013855641090071565
21,pagerank,11,0.01654311325968134
22,pagerank,1,0.38239762647476
22,pagerank,2,0.04584121417658262
22,pagerank,3,0.0679183252325716
22,pagerank,4,0.1248924840738261
22,pagerank,5,0.05212869866691453
22,pagerank,6,0.04719385474147603
22,pagerank,7,0.07965736669825049
22,pagerank,8,0.043185270864879007
22,pagerank,9,0.05671324318824402
22,pagerank,10,0.05688664501444972
22,pagerank,11,0.043185270864879007
23,pagerank,1,0.20596831672700586
23,pagerank,2,0.08573481673087623
23,pagerank,3,0.04562310046471924
23,pagerank,4,0.05838402593249456
23,pagerank,5,0.04335542582779581
23,pagerank,6,0.056786266459260624
23,pagerank,7,0.0761929884309788
23,pagerank,8,0.04335542582779581
23,pagerank,9,0.12614291485506762
23,pagerank,10,0.18627357884181578
23,pagerank,11,0.07218313989901035
24,pagerank,1,0.2489383504175431
24,pagerank,2,0.06413172435981111
24,pagerank,3,0.2327544225415708
24,pagerank,4,0.023913409556122985
24,pagerank,5,0.0419273557014342
24,pagerank,6,0.022913823892534678
24,pagerank,7,0.03918885280640122
24,pagerank,8,0.016876201569556697
24,pagerank,9,0.1298512690884986
24,pagerank,10,0.10484036736809464
24,pagerank,11,0.07466422269719451
25,pagerank,1,0.27564556537036966
25,pagerank,2,0.04424131519090808
25,pagerank,3,0.025740720705707713
25,pagerank,4,0.038808175287267724
25,pagerank,5,0.030746443258074102
25,pagerank,6,0.025740720705707713
25,pagerank,7,0.21062959484195282
25,pagerank,8,0.025740720705707713
25,pagerank,9,0.15664463782964416
25,pagerank,10,0.03311985426263744
25,pagerank,11,0.1329422518401354
26,pagerank,1,0.25496029694392053
26,pagerank,2,0.024878341415746946
26,pagerank,3,0.024878341415746946
26,pagerank,4,0.09592363548700691
26,pagerank,5,0.0326540235432486
26,pagerank,6,0.024878341415746946
26,pagerank,7,0.2151309918032807
26,pagerank,8,0.024878341415746946
26,pagerank,9,0.1454844585223685
26,pagerank,10,0.05392613202156836
26,pagerank,11,0.10240709601379426
27,pagerank,1,0.1071146088583215
27,pagerank,2,0.04940706682886183
27,pagerank,3,0.045496808892840496
27,pagerank,4,0.15730771095859625
27,pagerank,5,0.05626229688306814
27,pagerank,6,0.06436502194109496
27,pagerank,7,0.06223803224486814
27,pagerank,8,0.045496808892840496
27,pagerank,9,0.12022110684658475
27,pagerank,10,0.23233397687257493
27,pagerank,11,0.05975656077701199
28,pagerank,1,0.17163590550628827
28,pagerank,2,0.13119562047003103
28,pagerank,3,0.1330081580554061
28,pagerank,4,0.11162304028090454
28,pagerank,5,0.026299196325755038
28,pagerank,6,0.07556456740447783
28,pagerank,7,0.03513946069395116
28,pagerank,8,0.02338594234871106
28,pagerank,9,0.12617108664141388
28,pagerank,10,0.13602107135007038
28,pagerank,11,0.029955950921275745
29,pagerank,1,0.09181549451915326
29,pagerank,2,0.0598724347982289
29,pagerank,3,0.043349126543695125
29,pagerank,4,0.04833045114003515
29,pagerank,5,0.09160933977418773
29,pagerank,6,0.22715588592966876
29,pagerank,7,0.09204435345106099
29,pagerank,8,0.06859853184596434
29,pagerank,9,0.08876369637211075
29,pagerank,10,0.1451115590790211
29,pagerank,11,0.043349126543695125
30,pagerank,1,0.16495871519704608
30,pagerank,2,0.057459555374616854
30,pagerank,3,0.19427079158542496
30,pagerank,4,0.024094238614672584
30,pagerank,5,0.06693093554751492
30,pagerank,6,0.07708278762862489
30,pagerank,7,0.11683284715388587
30,pagerank,8,0.06700918942193403
30,pagerank,9,0.18497814924137385
30,pagerank,10,0.02647225366983314
30,pagerank,11,0.01991053656363603
31,pagerank,1,0.0491581715648863
31,pagerank,2,0.06074605375385388
31,pagerank,3,0.18669475182067105
31,pagerank,4,0.05165644633550045
31,pagerank,5,0.057149477569983564
31,pagerank,6,0.052840945418762435
31,pagerank,7,0.26397098955835174
31,pagerank,8,0.12427659129740559
31,pagerank,9,0.0496628116308074
31,pagerank,10,0.0489699330580871
31,pagerank,11,0.054873827988136906
32,pagerank,1,0.018224732246372728
32,pagerank,2,0.020997958470347612
32,pagerank,3,0.04525386791435194
32,pagerank,4,0.042011091835549526
32,pagerank,5,0.08743170458002852
32,pagerank,6,0.11662032720012458
32,pagerank,7,0.17205662060322632
32,pagerank,8,0.11208082006579811
32,pagerank,9,0.15208060201862653
32,pagerank,10,0.14063333516539325
32,pagerank,11,0.09260893989918081
33,pagerank,1,0.09702092939388142
33,pagerank,2,0.047243310003453214
33,pagerank,3,0.10144479359617868
33,pagerank,4,0.049974537414244506
33,pagerank,5,0.051105602666168495
33,pagerank,6,0.06288651103737211
33,pagerank,7,0.13562370121656922
33,pagerank,8,0.06992141458791958
33,pagerank,9,0.12301426918155882
33,pagerank,10,0.051310569555737734
33,pagerank,11,0.2104543613434518
34,pagerank,1,0.022087583461919334
34,pagerank,2,0.013983480206637063
34,pagerank,3,0.10490185632112979
34,pagerank,4,0.015900256540427815
34,pagerank,5,0.013665012533442851
34,pagerank,6,0.014322629198105587
34,pagerank,7,0.22597566942165812
34,pagerank,8,0.1927964526519895
34,pagerank,9,0.24006234582794925
34,pagerank,10,0.02318329696086076
34,pagerank,11,0.1331214168748798
35,pagerank,1,0.05338057266150583
35,pagerank,2,0.0685304854446152
35,pagerank,3,0.34801878792080304
35,pagerank,4,0.10359771533268573
35,pagerank,5,0.0463659915614721
35,pagerank,6,0.08168788992019763
35,pagerank,7,0.056637136231983104
35,pagerank,8,0.04634962352778057
35,pagerank,9,0.07381297659727758
35,pagerank,10,0.046349606754142965
35,pagerank,11,0.07526921404413765
36,pagerank,1,0.22010948079642964
36,pagerank,2,0.10888797421920575
36,pagerank,3,0.09439740248596185
36,pagerank,4,0.02937355046514441
36,pagerank,5,0.029377474001690468
36,pagerank,6,0.07416753156386229
36,pagerank,7,0.029388201229548872
36,pagerank,8,0.02937355046514441
36,pagerank,9,0.10926033258267884
36,pagerank,10,0.22297427960065921
36,pagerank,11,0.052690222587520166
37,pagerank,1,0.07230206052243603
37,pagerank,2,0.054997263750283736
37,pagerank,3,0.037268957227104695
37,pagerank,4,0.03726075845569818
37,pagerank,5,0.26338775135359027
37,pagerank,6,0.05243870076239522
37,pagerank,7,0.054938594132368346
37,pagerank,8,0.03726075845569818
37,pagerank,9,0.047156934513225605
37,pagerank,10,0.3057274623687693
37,pagerank,11,0.03726075845569818
38,pagerank,1,0.26899217674692283
38,pagerank,2,0.04281334604969562
38,pagerank,3,0.03387070496320916
38,pagerank,4,0.03922029825836583
38,pagerank,5,0.14855135290509858
38,pagerank,6,0.26185618264756577
38,pagerank,7,0.057650785710276715
38,pagerank,8,0.03387070496320916
38,pagerank,9,0.03602147505003417
38,pagerank,10,0.04328226773992919
38,pagerank,11,0.03387070496320916
39,pagerank,1,0.2154789504007925
39,pagerank,2,0.04244090556472618
39,pagerank,3,0.035124517001434104
39,pagerank,4,0.03776057127829641
39,pagerank,5,0.16651043066783422
39,pagerank,6,0.1740565150296738
39,pagerank,7,0.10030048314023436
39,pagerank,8,0.04562727206863844
39,pagerank,9,0.04354227774232599
39,pagerank,10,0.03513257934598599
39,pagerank,11,0.10402549775748228
40,pagerank,1,0.21605000919376316
40,pagerank,2,0.03086456323166954
40,pagerank,3,0.01438553175954676
40,pagerank,4,0.05590117569528172
40,pagerank,5,0.019637436288375342
40,pagerank,6,0.054035119394154216
40,pagerank,7,0.07064649428130478
40,pagerank,8,0.16504073754826085
40,pagerank,9,0.06236606735051633
40,pagerank,10,0.10096593354143855
40,pagerank,11,0.21010693171468872
41,pagerank,1,0.2169774727799916
41,pagerank,2,0.07868970800203055
41,pagerank,3,0.10000296211345697
41,pagerank,4,0.23922453518693337
41,pagerank,5,0.027079733094465486
41,pagerank,6,0.06378094257648313
41,pagerank,7,0.01363636363635
41,pagerank,8,0.13895074316053996
41,pagerank,9,0.013638476874855109
41,pagerank,10,0.0507794053614643
41,pagerank,11,0.05723965721242953
42,pagerank,1,0.1130704968367619
42,pagerank,2,0.06176022526035691
42,pagerank,3,0.04259288556801165
42,pagerank,4,0.03900018902634344
42,pagerank,5,0.041990758275082064
42,pagerank,6,0.0677389871409745
42,pagerank,7,0.03899893102424322
42,pagerank,8,0.08252553821238075
42,pagerank,9,0.32822146552478315
42,pagerank,10,0.04241179092535519
42,pagerank,11,0.14168873220284736
43,pagerank,1,0.19930692473199926
43,pagerank,2,0.07032915415681568
43,pagerank,3,0.23648863715504473
43,pagerank,4,0.03868535108158507
43,pagerank,5,0.013902758146199443
43,pagerank,6,0.06564601861011943
43,pagerank,7,0.24907998386093094
43,pagerank,8,0.019591940639133602
43,pagerank,9,0.04852687372601575
43,pagerank,10,0.01367985763749443
43,pagerank,11,0.04476250025366152
44,pagerank,1,0.013768942506180675
44,pagerank,2,0.020364378661113805
44,pagerank,3,0.20818925406835198
44,pagerank,4,0.2837904338746126
44,pagerank,5,0.06076739046822965
44,pagerank,6,0.014360523642669154
44,pagerank,7,0.25485586261564735
44,pagerank,8,0.013694512308996504
44,pagerank,9,0.08919545368976745
44,pagerank,10,0.019702501971143527
44,pagerank,11,0.021310746192287337
45,pagerank,1,0.0917948483004136
45,pagerank,2,0.049801108662017125
45,pagerank,3,0.3357672432901386
45,pagerank,4,0.09902699517522232
45,pagerank,5,0.048341390212561945
45,pagerank,6,0.041123488328314965
45,pagerank,7,0.03958201344598163
45,pagerank,8,0.12343207711742903
45,pagerank,9,0.07674212985235526
45,pagerank,10,0.0438914098975843
45,pagerank,11,0.05049729571507866
46,pagerank,1,0.16805542461509254
46,pagerank,2,0.06211282706591561
46,pagerank,3,0.33303897346968636
46,pagerank,4,0.1053281537182737
46,pagerank,5,0.053904851294434696
46,pagerank,6,0.05856322743086564
46,pagerank,7,0.0403864465579226
46,pagerank,8,0.03937119340442754
46,pagerank,9,0.0470451879494909
46,pagerank,10,0.044988621057269515
46,pagerank,11,0.047205093433733684
47,pagerank,1,0.15106658499471703
47,pagerank,2,0.22587647003838315
47,pagerank,3,0.03357296000782365
47,pagerank,4,0.08286218583042036
47,pagerank,5,0.2579858752546325
47,pagerank,6,0.03993827377250627
47,pagerank,7,0.03820280797239178
47,pagerank,8,0.03357163580264182
47,pagerank,9,0.03357279558430604
47,pagerank,10,0.06707082080220744
47,pagerank,11,0.03627958993750806
48,pagerank,1,0.17773277792814698
48,pagerank,2,0.03049012011501553
48,pagerank,3,0.030450521133986098
48,pagerank,4,0.04791650385501807
48,pagerank,5,0.21729014838918537
48,pagerank,6,0.030426964674319407
48,pagerank,7,0.13973102619237526
48,pagerank,8,0.1429695202688753
48,pagerank,9,0.11769355119709252
48,pagerank,10,0.034871591205409495
48,pagerank,11,0.03042727503834466
49,pagerank,1,0.14818006159003855
49,pagerank,2,0.031074671670092414
49,pagerank,3,0.14505034342205278
49,pagerank,4,0.1460452578987239
49,pagerank,5,0.031962306936147176
49,pagerank,6,0.1516894459652974
49,pagerank,7,0.03461330846500192
49,pagerank,8,0.18499904970089281
49,pagerank,9,0.09737404590784582
49,pagerank,10,0.015375144806557179
49,pagerank,11,0.013636363636350004
50,pagerank,1,0.023815489094115388
50,pagerank,2,0.2582837454765319
50,pagerank,3,0.019465163887388465
50,pagerank,4,0.28490193124801544
50,pagerank,5,0.02222408250182892
50,pagerank,6,0.014969008402246983
50,pagerank,7,0.0286949455558348
50,pagerank,8,0.014539949006293197
50,pagerank,9,0.013636363636350016
50,pagerank,10,0.02222977942955333
50,pagerank,11,0.29723954176084155
51,pagerank,1,0.08698825350098534
51,pagerank,2,0.15827502840012234
51,pagerank,3,0.01363636363635
51,pagerank,4,0.03817243154136075
51,pagerank,5,0.019100407766203236
51,pagerank,6,0.2340603615100859
51,pagerank,7,0.1687141428741913
51,pagerank,8,0.014088463174179966
51,pagerank,9,0.15703428516449924
51,pagerank,10,0.01672941324193766
51,pagerank,11,0.09320084918908413
52,pagerank,1,0.11692100240568215
52,pagerank,2,0.08222238710978622
52,pagerank,3,0.020005003732173305
52,pagerank,4,0.14811800607256528
52,pagerank,5,0.020760210970388902
52,pagerank,6,0.0821556664174607
52,pagerank,7,0.08063758623509223
52,pagerank,8,0.2274459258695559
52,pagerank,9,0.019989908029066205
52,pagerank,10,0.11794946807497962
52,pagerank,11,0.08379483508178359
53,pagerank,1,0.2515175955606081
53,pagerank,2,0.0136382299002256
53,pagerank,3,0.013636838366801062
53,pagerank,4,0.1727116947741658
53,pagerank,5,0.015906436395686587
53,pagerank,6,0.027572453977569016
53,pagerank,7,0.08629336543474142
53,pagerank,8,0.2600069837106993
53,pagerank,9,0.01363871243241536
53,pagerank,10,0.05406237979144425
53,pagerank,11,0.09101530965464354
54,pagerank,1,0.22369965409074086
54,pagerank,2,0.01363836444338306
54,pagerank,3,0.02201886488651405
54,pagerank,4,0.21203899272468432
54,pagerank,5,0.024406728563532227
54,pagerank,6,0.016356479289591955
54,pagerank,7,0.015552486697115066
54,pagerank,8,0.226832311538236
54,pagerank,9,0.2175320823246454
54,pagerank,10,0.014285220372184401
54,pagerank,11,0.01363881506837266
55,pagerank,1,0.04258044075352137
55,pagerank,2,0.03704056887921773
55,pagerank,3,0.05603282732251978
55,pagerank,4,0.09288747757544234
55,pagerank,5,0.10551421300956175
55,pagerank,6,0.03819365938080266
55,pagerank,7,0.07345207648799942
55,pagerank,8,0.29358770919262184
55,pagerank,9,0.11095885174145102
55,pagerank,10,0.03632271732226155
55,pagerank,11,0.11342945833193689
56,pagerank,1,0.06244403915499618
56,pagerank,2,0.05071217297632931
56,pagerank,3,0.0455061581211966
56,pagerank,4,0.07621891352909124
56,pagerank,5,0.03674286531119623
56,pagerank,6,0.05101492804435426
56,pagerank,7,0.14449649779489682
56,pagerank,8,0.29902533071649573
56,pagerank,9,0.05740366654895424
56,pagerank,10,0.07149918375548006
56,pagerank,11,0.10493624404431483
57,pagerank,1,0.01648660106317556
57,pagerank,2,0.20730581820361274
57,pagerank,3,0.02883144522154944
57,pagerank,4,0.2149566247190755
57,pagerank,5,0.013636363636349999
57,pagerank,6,0.024345956469145988
57,pagerank,7,0.2145353389993924
57,pagerank,8,0.23417977025752482
57,pagerank,9,0.01365885788428507
57,pagerank,10,0.013636549387329866
57,pagerank,11,0.018426674157558585
58,pagerank,1,0.24860954437223962
58,pagerank,2,0.01763288016857118
58,pagerank,3,0.13600827938179127
58,pagerank,4,0.02009762689348116
58,pagerank,5,0.014360073512221069
58,pagerank,6,0.27552574040935585
58,pagerank,7,0.013668129473204664
58,pagerank,8,0.07677203181546871
58,pagerank,9,0.060469845842350184
58,pagerank,10,0.013871315594400599
58,pagerank,11,0.12298453253591564
59,pagerank,1,0.04260354014296428
59,pagerank,2,0.04826770567957607
59,pagerank,3,0.06510705473531364
59,pagerank,4,0.06157629319135642
59,pagerank,5,0.03980418837013113
59,pagerank,6,0.05710997495311771
59,pagerank,7,0.053002351281562804
59,pagerank,8,0.05314485151548599
59,pagerank,9,0.33864244546158123
59,pagerank,10,0.048984457107096493
59,pagerank,11,0.19175713755889534
60,pagerank,1,0.039181590969973146
60,pagerank,2,0.07523881836092136
60,pagerank,3,0.04128216827529923
60,pagerank,4,0.06550944933865217
60,pagerank,5,0.03636639890180848
60,pagerank,6,0.07523240494322173
60,pagerank,7,0.08166645745912426
60,pagerank,8,0.08617384199676602
60,pagerank,9,0.29415340255107164
60,pagerank,10,0.11389893536002726
60,pagerank,11,0.09129653184046804
61,pagerank,1,0.013732782504629023
61,pagerank,2,0.04883677925962058
61,pagerank,3,0.014592908916474408
61,pagerank,4,0.036563379948117376
61,pagerank,5,0.17633357700829924
61,pagerank,6,0.10496151799130858
61,pagerank,7,0.21301678934364882
61,pagerank,8,0.12464906270781682
61,pagerank,9,0.22344958925881878
61,pagerank,10,0.020900659214726783
61,pagerank,11,0.022962953845539553
62,pagerank,1,0.01365124267240697
62,pagerank,2,0.01365373621764502
62,pagerank,3,0.014616851831337728
62,pagerank,4,0.013640412590970348
62,pagerank,5,0.2540934162980936
62,pagerank,6,0.049093824980432514
62,pagerank,7,0.015059173027655658
62,pagerank,8,0.08890322529690327
62,pagerank,9,0.2689771062857017
62,pagerank,10,0.2303564142660271
62,pagerank,11,0.0379545965318261
63,pagerank,1,0.01467583900569629
63,pagerank,2,0.01366965779729226
63,pagerank,3,0.02948403676169346
63,pagerank,4,0.013917462011804058
63,pagerank,5,0.26657121718142235
63,pagerank,6,0.014081539899964343
63,pagerank,7,0.013637930916289676
63,pagerank,8,0.28823182750685605
63,pagerank,9,0.29883170298031364
63,pagerank,10,0.01363636363635
63,pagerank,11,0.033262422301317596
64,pagerank,1,0.014845984458341815
64,pagerank,2,0.2498621807317108
64,pagerank,3,0.10755941715871752
64,pagerank,4,0.01733349522674282
64,pagerank,5,0.03682968442472436
64,pagerank,6,0.015176162467624103
64,pagerank,7,0.03569396680517274
64,pagerank,8,0.02529147522004167
64,pagerank,9,0.2390163658265155
64,pagerank,10,0.0420381184156905
64,pagerank,11,0.2163531492637182
65,pagerank,1,0.02961493259705097
65,pagerank,2,0.014659406509132666
65,pagerank,3,0.26961945048346597
65,pagerank,4,0.03563036120932927
65,pagerank,5,0.01799080252386459
65,pagerank,6,0.2789761481178308
65,pagerank,7,0.03620009089558979
65,pagerank,8,0.02765079633783914
65,pagerank,9,0.015545803465377527
65,pagerank,10,0.26047584422316916
65,pagerank,11,0.013636363636350008
66,pagerank,1,0.08847992000001614
66,pagerank,2,0.017928994536970423
66,pagerank,3,0.013636517923499422
66,pagerank,4,0.023254628394178342
66,pagerank,5,0.23492307236980078
66,pagerank,6,0.2016871818848397
66,pagerank,7,0.017957655081031965
66,pagerank,8,0.18142359327763988
66,pagerank,9,0.01640825427096221
66,pagerank,10,0.1906638186237109
66,pagerank,11,0.013636363636349999
67,pagerank,1,0.04360110242910359
67,pagerank,2,0.0489212885779644
67,pagerank,3,0.04177574915229123
67,pagerank,4,0.10169443955204593
67,pagerank,5,0.36405849286897957
67,pagerank,6,0.04509005208467111
67,pagerank,7,0.0542179564657539
67,pagerank,8,0.06552881159963572
67,pagerank,9,0.11807885324494968
67,pagerank,10,0.07525381077957563
67,pagerank,11,0.041779443241966176
68,pagerank,1,0.029482083132232276
68,pagerank,2,0.18457910071201253
68,pagerank,3,0.1379269258899901
68,pagerank,4,0.029788409619503683
68,pagerank,5,0.04901930998248507
68,pagerank,6,0.049336847744158224
68,pagerank,7,0.12610155737133494
68,pagerank,8,0.06064875560559659
68,pagerank,9,0.07076358319383076
68,pagerank,10,0.05729113786742677
68,pagerank,11,0.2050622888792671
69,pagerank,1,0.03813059336269407
69,pagerank,2,0.06820967997242496
69,pagerank,3,0.08893013127359099
69,pagerank,4,0.04416248078513056
69,pagerank,5,0.03815136138555268
69,pagerank,6,0.042625340503314915
69,pagerank,7,0.08643202492314288
69,pagerank,8,0.052552789892586604
69,pagerank,9,0.18569116778050723
69,pagerank,10,0.03813057093667688
69,pagerank,11,0.31698385918158206
70,pagerank,1,0.037861530562114255
70,pagerank,2,0.08564021541766641
70,pagerank,3,0.16633999342171632
70,pagerank,4,0.0976672735977582
70,pagerank,5,0.050191351686995234
70,pagerank,6,0.06395885518366948
70,pagerank,7,0.04519727360406917
70,pagerank,8,0.03786709331985534
70,pagerank,9,0.06153599796992996
70,pagerank,10,0.040238255017208936
70,pagerank,11,0.3135021602162402
71,pagerank,1,0.04604712619313968
71,pagerank,2,0.060659129796091386
71,pagerank,3,0.0570724962623357
71,pagerank,4,0.11841778574727262
71,pagerank,5,0.05502197997262081
71,pagerank,6,0.05738807259870842
71,pagerank,7,0.045244980719423455
71,pagerank,8,0.04950048004514023
71,pagerank,9,0.05636429576724359
71,pagerank,10,0.04525006878604582
71,pagerank,11,0.4090335841086604
72,pagerank,1,0.036846588896567535
72,pagerank,2,0.07500062114480001
72,pagerank,3,0.07210976971757252
72,pagerank,4,0.21918895426108312
72,pagerank,5,0.034005869425402145
72,pagerank,6,0.25400389567991005
72,pagerank,7,0.03326495398078635
72,pagerank,8,0.04019245058753172
72,pagerank,9,0.11868504960674599
72,pagerank,10,0.03326393720388787
72,pagerank,11,0.08343790949327358
73,pagerank,1,0.03785250995786766
73,pagerank,2,0.059899014367006245
73,pagerank,3,0.049037140709291854
73,pagerank,4,0.07107524501902515
73,pagerank,5,0.11984415688117475
73,pagerank,6,0.3027396154162373
73,pagerank,7,0.037029878548851695
73,pagerank,8,0.04992454208340187
73,pagerank,9,0.1595014704039524
73,pagerank,10,0.0651707385499939
73,pagerank,11,0.04792568806048164
74,pagerank,1,0.04628459058733579
74,pagerank,2,0.05107663393634783
74,pagerank,3,0.08077222684960367
74,pagerank,4,0.3314969345789969
74,pagerank,5,0.0841180382087793
74,pagerank,6,0.04271105687421292
74,pagerank,7,0.03925203580951475
74,pagerank,8,0.14435943189638897
74,pagerank,9,0.07508532982791774
74,pagerank,10,0.05986167189514442
74,pagerank,11,0.04498204953287902
75,pagerank,1,0.039536024421561705
75,pagerank,2,0.04631249768155246
75,pagerank,3,0.046964531756439325
75,pagerank,4,0.3191144484103724
75,pagerank,5,0.16808107855148358
75,pagerank,6,0.04339317232901716
75,pagerank,7,0.03829520737712583
75,pagerank,8,0.1294580142222323
75,pagerank,9,0.044856353804682184
75,pagerank,10,0.08569328143415367
75,pagerank,11,0.03829539000857131
76,pagerank,1,0.013874230495913287
76,pagerank,2,0.2345477696094942
76,pagerank,3,0.06269292877919512
76,pagerank,4,0.2520656359307159
76,pagerank,5,0.2448429128516077
76,pagerank,6,0.0164549467888736
76,pagerank,7,0.02155951370165988
76,pagerank,8,0.018993479815567548
76,pagerank,9,0.03398577723837266
76,pagerank,10,0.020664851231996552
76,pagerank,11,0.08031795355560345
77,pagerank,1,0.03022240740283349
77,pagerank,2,0.1831193090641083
77,pagerank,3,0.0629919232676753
77,pagerank,4,0.03955959702828125
77,pagerank,5,0.1268221341840011
77,pagerank,6,0.18065400275014823
77,pagerank,7,0.07397073295718073
77,pagerank,8,0.03530073982646053
77,pagerank,9,0.06883449392566605
77,pagerank,10,0.17073817210174755
77,pagerank,11,0.027786487489859985
78,pagerank,1,0.01733987877627433
78,pagerank,2,0.2502813906017677
78,pagerank,3,0.016002651599075213
78,pagerank,4,0.11045615870828006
78,pagerank,5,0.1653673981760308
78,pagerank,6,0.27804254377373916
78,pagerank,7,0.018130772071422496
78,pagerank,8,0.08297889298313867
78,pagerank,9,0.03293633482376246
78,pagerank,10,0.014827614849158994
78,pagerank,11,0.013636363636349999
79,pagerank,1,0.16889323268436793
79,pagerank,2,0.06754913153309329
79,pagerank,3,0.15196299585575207
79,pagerank,4,0.019171777985058338
79,pagerank,5,0.03410906896218655
79,pagerank,6,0.14375275322708797
79,pagerank,7,0.18289710004726148
79,pagerank,8,0.1326400455024119
79,pagerank,9,0.05770229211955057
79,pagerank,10,0.016052291056242715
79,pagerank,11,0.02526931102598719
20,softmax,1,0.10534017891569851
20,softmax,2,0.09983986066301097
20,softmax,3,0.09299947680130631
20,softmax,4,0.08173498200155221
20,softmax,5,0.1067339530217451
20,softmax,6,0.08441178987196835
20,softmax,7,0.06786993332681555
20,softmax,8,0.07066804999214758
20,softmax,9,0.09486441895608386
20,softmax,10,0.10826649220158732
20,softmax,11,0.08727086424808422
21,softmax,1,0.14458482008786885
21,softmax,2,0.09187759149497778
21,softmax,3,0.08516389532696925
21,softmax,4,0.08943171301989374
21,softmax,5,0.08885807414183301
21,softmax,6,0.08035041916345322
21,softmax,7,0.08074807029606221
21,softmax,8,0.08168629048059523
21,softmax,9,0.08189338850816269
21,softmax,10,0.08836031327930177
21,softmax,11,0.08704542420088224
22,softmax,1,0.12751773471920635
22,softmax,2,0.08735758854497225
22,softmax,3,0.0905824136914659
22,softmax,4,0.09745585573365202
22,softmax,5,0.09050883125327532
22,softmax,6,0.08754413874539478
22,softmax,7,0.08639674432847815
22,softmax,8,0.08040090965580088
22,softmax,9,0.08536090257675862
22,softmax,10,0.08958010146606049
22,softmax,11,0.07729477928493533
23,softmax,1,0.10615469946352653
23,softmax,2,0.09076395375061057
23,softmax,3,0.09009445053604834
23,softmax,4,0.0896791413383682
23,softmax,5,0.0876988348253029
23,softmax,6,0.08811705585728549
23,softmax,7,0.08530379238356098
23,softmax,8,0.08534454161080676
23,softmax,9,0.09139751962698493
23,softmax,10,0.09322351665984976
23,softmax,11,0.09222249394765553
24,softmax,1,0.1035707415632389
24,softmax,2,0.09428118800189014
24,softmax,3,0.09667527440211612
24,softmax,4,0.08320002878613086
24,softmax,5,0.10050058306600555
24,softmax,6,0.08636324700733586
24,softmax,7,0.07893938407927546
24,softmax,8,0.07455496725287382
24,softmax,9,0.09253980609029476
24,softmax,10,0.09380635125194996
24,softmax,11,0.09556842849888862
25,softmax,1,0.10540724302346528
25,softmax,2,0.08881647259801975
25,softmax,3,0.08867010384499109
25,softmax,4,0.08745406940940455
25,softmax,5,0.0904615272262089
25,softmax,6,0.0822922980273893
25,softmax,7,0.09509051184378797
25,softmax,8,0.08679976897226914
25,softmax,9,0.09214140198031008
25,softmax,10,0.08999947433867546
25,softmax,11,0.09286712873547859
26,softmax,1,0.09523173705292198
26,softmax,2,0.08394238481155974
26,softmax,3,0.09003843641434735
26,softmax,4,0.09386594662692802
26,softmax,5,0.09122272306504053
26,softmax,6,0.08789820965115219
26,softmax,7,0.09207320321026707
26,softmax,8,0.08790216893779584
26,softmax,9,0.09277038609233813
26,softmax,10,0.09275691651989508
26,softmax,11,0.09229788761775407
27,softmax,1,0.09461743977048058
27,softmax,2,0.08613782466848527
27,softmax,3,0.0839328025035678
27,softmax,4,0.09446836200553783
27,softmax,5,0.09050420900135812
27,softmax,6,0.09006990002735346
27,softmax,7,0.09052621421151459
27,softmax,8,0.08876020777640455
27,softmax,9,0.0929458047025193
27,softmax,10,0.09511719397527856
27,softmax,11,0.0929200413574999
28,softmax,1,0.09202446521560698
28,softmax,2,0.09362629079922709
28,softmax,3,0.08952638958173703
28,softmax,4,0.09014169683533955
28,softmax,5,0.08878156159697048
28,softmax,6,0.09130520596995412
28,softmax,7,0.08823416315802923
28,softmax,8,0.09063450842775393
28,softmax,9,0.09236503260828853
28,softmax,10,0.09097182182056511
28,softmax,11,0.09238886398652783
29,softmax,1,0.09410860601988902
29,softmax,2,0.08972231659165439
29,softmax,3,0.08820987049022577
29,softmax,4,0.08736750738076102
29,softmax,5,0.0933695620945423
29,softmax,6,0.09300225700641432
29,softmax,7,0.09199728491778102
29,softmax,8,0.09125446179412447
29,softmax,9,0.09134187703447699
29,softmax,10,0.09459566081872783
29,softmax,11,0.08503059585140299
30,softmax,1,0.3062594777800977
30,softmax,2,0.06897986025715366
30,softmax,3,0.07495313130648258
30,softmax,4,0.0661958220272605
30,softmax,5,0.0639509107661913
30,softmax,6,0.07833798003557332
30,softmax,7,0.08005894245719067
30,softmax,8,0.07271698774281256
30,softmax,9,0.009103169568649585
30,softmax,10,0.12901609256062843
30,softmax,11,0.05042762549795954
31,softmax,1,0.07746792171667062
31,softmax,2,0.08826483791713816
31,softmax,3,0.11477954319366936
31,softmax,4,0.06574647819407939
31,softmax,5,0.0906678456113266
31,softmax,6,0.07835891411989163
31,softmax,7,0.1255202774672549
31,softmax,8,0.09680793227740798
31,softmax,9,0.08207714073396723
31,softmax,10,0.0940319802942983
31,softmax,11,0.08627712847429578
32,softmax,1,0.09168105913191868
32,softmax,2,0.026294853351720486
32,softmax,3,0.11936984904304725
32,softmax,4,0.0695753452731542
32,softmax,5,0.0842934382193121
32,softmax,6,0.06344166338699599
32,softmax,7,0.16055027369434394
32,softmax,8,0.06772960179032146
32,softmax,9,0.09291984013634623
32,softmax,10,0.08744730934264543
32,softmax,11,0.13669676663019423
33,softmax,1,0.0013798579155870857
33,softmax,2,7.01670593971903e-05
33,softmax,3,0.09588604651679698
33,softmax,4,0.0002792357790237926
33,softmax,5,0.0002566231171730241
33,softmax,6,0.00015896456799748446
33,softmax,7,0.004295041127131527
33,softmax,8,0.0012192302406968955
33,softmax,9,0.011221891939783343
33,softmax,10,0.00048552804028945807
33,softmax,11,0.8847474136961232
34,softmax,1,0.05032656785237745
34,softmax,2,0.0520585511178266
34,softmax,3,0.22621600542829817
34,softmax,4,0.06285755017910342
34,softmax,5,0.055505627536026364
34,softmax,6,0.07741025612184037
34,softmax,7,0.11425439949456861
34,softmax,8,0.058797187635266104
34,softmax,9,0.16482932776370385
34,softmax,10,0.0368181732132151
34,softmax,11,0.10092635365777373
35,softmax,1,0.019373307322384188
35,softmax,2,0.08359565843786496
35,softmax,3,0.35814669253337944
35,softmax,4,0.08675533981246743
35,softmax,5,0.012909689132860407
35,softmax,6,0.0886725085327243
35,softmax,7,0.06843645027632823
35,softmax,8,0.015794189157196617
35,softmax,9,0.11568494274739026
35,softmax,10,0.011559691058511231
35,softmax,11,0.13907153098889297
36,softmax,1,0.04693786767237692
36,softmax,2,0.13354815356231378
36,softmax,3,0.17542112637543056
36,softmax,4,0.004690995301646762
36,softmax,5,0.06436527689898781
36,softmax,6,0.145103954628814
36,softmax,7,0.07077871935255019
36,softmax,8,0.013873375134536617
36,softmax,9,0.14556792438114388
36,softmax,10,0.049934967222217894
36,softmax,11,0.14977763946998157
37,softmax,1,0.06453688907430809
37,softmax,2,0.09227990522057355
37,softmax,3,0.05391623586898558
37,softmax,4,0.06477749250345063
37,softmax,5,0.18212012386447535
37,softmax,6,0.1235821480133148
37,softmax,7,0.1009275601756247
37,softmax,8,0.0826626428046782
37,softmax,9,0.10377724886787171
37,softmax,10,0.10145323726905241
37,softmax,11,0.029966516337665245
38,softmax,1,0.1846678068573862
38,softmax,2,0.05162295495581766
38,softmax,3,0.011277719207412877
38,softmax,4,0.03466256777608916
38,softmax,5,0.22086345684337869
38,softmax,6,0.11297619818611872
38,softmax,7,0.14224767042471662
38,softmax,8,0.06185262904859254
38,softmax,9,0.04799696807329661
38,softmax,10,0.11347912494221987
38,softmax,11,0.018352903684971052
39,softmax,1,0.10637487102573555
39,softmax,2,0.04636659542458917
39,softmax,3,0.008704171861950251
39,softmax,4,0.0122704468030661
39,softmax,5,0.1656928342791316
39,softmax,6,0.1551396112091102
39,softmax,7,0.1339902401143049
39,softmax,8,0.09370754379266866
39,softmax,9,0.061389793358998426
39,softmax,10,0.0970808765064447
39,softmax,11,0.11928301562400054
40,softmax,1,0.06878046486842743
40,softmax,2,0.06204505904981259
40,softmax,3,0.07397077277754847
40,softmax,4,0.06387112309783889
40,softmax,5,0.08934002864760415
40,softmax,6,0.1268095667038113
40,softmax,7,0.09032014738972666
40,softmax,8,0.14930902679545624
40,softmax,9,0.05555160494840425
40,softmax,10,0.12569158902473784
40,softmax,11,0.09431061669663218
41,softmax,1,0.07705296987691004
41,softmax,2,0.0952136532662539
41,softmax,3,0.07635928796385945
41,softmax,4,0.14039788923392163
41,softmax,5,0.0872265463189622
41,softmax,6,0.12548995501526639
41,softmax,7,0.02775515976438394
41,softmax,8,0.12246978838637702
41,softmax,9,0.0612624029969971
41,softmax,10,0.09329850046669391
41,softmax,11,0.0934738467103746
42,softmax,1,0.10744352550883401
42,softmax,2,0.0947934416177143
42,softmax,3,0.05480741378224252
42,softmax,4,0.04938281405995436
42,softmax,5,0.06565984279974567
42,softmax,6,0.09328795604159193
42,softmax,7,0.04992361411763179
42,softmax,8,0.09353805279954942
42,softmax,9,0.2051672443848272
42,softmax,10,0.07802946958072118
42,softmax,11,0.10796662530718759
43,softmax,1,0.09628443276944186
43,softmax,2,0.09031955298081776
43,softmax,3,0.13147469869970824
43,softmax,4,0.08306454330261516
43,softmax,5,0.08342009917753615
43,softmax,6,0.0671196046096116
43,softmax,7,0.12881876070906725
43,softmax,8,0.052840875405706894
43,softmax,9,0.09006006032961336
43,softmax,10,0.08845862293569731
43,softmax,11,0.08813874908018435
44,softmax,1,0.08320990275480206
44,softmax,2,0.08534402006050777
44,softmax,3,0.15970638139113313
44,softmax,4,0.09408699479548167
44,softmax,5,0.16206625404070713
44,softmax,6,0.06793428262657047
44,softmax,7,0.049414475004498075
44,softmax,8,0.05439335145248735
44,softmax,9,0.06676361855005332
44,softmax,10,0.08788691203905086
44,softmax,11,0.08919380728470828
45,softmax,1,0.1254658200845006
45,softmax,2,0.04880431621856591
45,softmax,3,0.30084869953989557
45,softmax,4,0.08062571633766442
45,softmax,5,0.052650643148632666
45,softmax,6,0.07138064066182126
45,softmax,7,0.014747023210039551
45,softmax,8,0.09952263607417655
45,softmax,9,0.09688854656300754
45,softmax,10,0.04845193877156917
45,softmax,11,0.060614019390126984
46,softmax,1,0.13963415877919771
46,softmax,2,0.11494014247593914
46,softmax,3,0.33608064840962787
46,softmax,4,0.0917541831291742
46,softmax,5,0.03484612473031254
46,softmax,6,0.06533168129254983
46,softmax,7,0.008410942380346422
46,softmax,8,0.004865949506238326
46,softmax,9,0.05522317468339775
46,softmax,10,0.08893045345203984
46,softmax,11,0.05998254116117636
47,softmax,1,0.07008705268479132
47,softmax,2,0.16277183743189777
47,softmax,3,0.010614417876983447
47,softmax,4,0.07124138321668748
47,softmax,5,0.37061740192449777
47,softmax,6,0.032788962432600335
47,softmax,7,0.16591274922210975
47,softmax,8,0.004740615828153461
47,softmax,9,0.008323711431858446
47,softmax,10,0.06630294483030438
47,softmax,11,0.03659892312011599
48,softmax,1,0.04766589173833125
48,softmax,2,0.05370413407693591
48,softmax,3,0.06990976570920106
48,softmax,4,0.06202874998747068
48,softmax,5,0.18885825655050725
48,softmax,6,0.016625328420994446
48,softmax,7,0.1633592168569768
48,softmax,8,0.23959390837345973
48,softmax,9,0.10440482745970932
48,softmax,10,0.02890674034281401
48,softmax,11,0.024943180483599545
49,softmax,1,0.10363876080452447
49,softmax,2,0.07741413842398864
49,softmax,3,0.1076845617116891
49,softmax,4,0.0801189715355442
49,softmax,5,0.07645881532564208
49,softmax,6,0.12485737868913946
49,softmax,7,0.07456237211522948
49,softmax,8,0.16787354585620334
49,softmax,9,0.10697437607500399
49,softmax,10,0.04985850938397018
49,softmax,11,0.030558570079064977
50,softmax,1,0.0891473570789545
50,softmax,2,0.09773206033974996
50,softmax,3,0.08823838274664834
50,softmax,4,0.11351922994109953
50,softmax,5,0.09437994612404772
50,softmax,6,0.07027437082930325
50,softmax,7,0.10015863430086318
50,softmax,8,0.04784987089096793
50,softmax,9,0.03420638648919285
50,softmax,10,0.0856172249009904
50,softmax,11,0.1788765363581824
51,softmax,1,0.09611875518173908
51,softmax,2,0.10935935790280005
51,softmax,3,0.023783575447376266
51,softmax,4,0.09252751276649467
51,softmax,5,0.09641185930497498
51,softmax,6,0.11826464895197322
51,softmax,7,0.10070058180550225
51,softmax,8,0.036797988397697635
51,softmax,9,0.13447793597478727
51,softmax,10,0.08750570036423598
51,softmax,11,0.10405208390241855
52,softmax,1,0.05722378745558329
52,softmax,2,0.18935681685400943
52,softmax,3,0.04570677314956331
52,softmax,4,0.11145646498112094
52,softmax,5,0.02457005159926456
52,softmax,6,0.1052892960741178
52,softmax,7,0.05662251857337861
52,softmax,8,0.16938309465648527
52,softmax,9,0.018859380168761163
52,softmax,10,0.11374308324557104
52,softmax,11,0.10778873324214461
53,softmax,1,0.10788905917075606
53,softmax,2,0.03672224783498063
53,softmax,3,0.023145060995575634
53,softmax,4,0.1167577992300611
53,softmax,5,0.05549494858357009
53,softmax,6,0.09927212907182133
53,softmax,7,0.04413494622533347
53,softmax,8,0.22232202888712807
53,softmax,9,0.03440754866839292
53,softmax,10,0.12057714995442523
53,softmax,11,0.13927708137795553
54,softmax,1,0.09898465682263159
54,softmax,2,0.039765476266029075
54,softmax,3,0.11431859925006274
54,softmax,4,0.0959694736152618
54,softmax,5,0.030506974478314602
54,softmax,6,0.04107759180375048
54,softmax,7,0.03862119924334788
54,softmax,8,0.36709685341081993
54,softmax,9,0.11424698034738971
54,softmax,10,0.029259544115037752
54,softmax,11,0.030152650647354357
55,softmax,1,0.054171746850288305
55,softmax,2,0.05017775438567199
55,softmax,3,0.06840239086164786
55,softmax,4,0.10170662686758081
55,softmax,5,0.07833421701360171
55,softmax,6,0.059732330415372584
55,softmax,7,0.07918229627434153
55,softmax,8,0.21478935682141267
55,softmax,9,0.11294962674218988
55,softmax,10,0.019986548388852693
55,softmax,11,0.16056710537904
56,softmax,1,0.08539287978742487
56,softmax,2,0.07117260469547555
56,softmax,3,0.03061217166816205
56,softmax,4,0.11087878651806606
56,softmax,5,0.023503833047372098
56,softmax,6,0.05257230418824106
56,softmax,7,0.1173727254668727
56,softmax,8,0.16362103896228766
56,softmax,9,0.08978539693334245
56,softmax,10,0.0680011292768626
56,softmax,11,0.18708712945589284
57,softmax,1,0.07104754699477167
57,softmax,2,0.26092079009001984
57,softmax,3,0.055042411077760776
57,softmax,4,0.07348713925954915
57,softmax,5,0.04122687291179513
57,softmax,6,0.09400677405042838
57,softmax,7,0.1347581955954098
57,softmax,8,0.10263463428326638
57,softmax,9,0.05686510003386438
57,softmax,10,0.04683520137488333
57,softmax,11,0.06317533432825137
58,softmax,1,0.06337008359178731
58,softmax,2,0.11237906617002591
58,softmax,3,0.10988685038035664
58,softmax,4,0.09246702187402218
58,softmax,5,0.05794296386463549
58,softmax,6,0.12920537968097562
58,softmax,7,0.05196200112124031
58,softmax,8,0.10335400221098187
58,softmax,9,0.11829039250772488
58,softmax,10,0.05506131777641949
58,softmax,11,0.10608092082183034
59,softmax,1,0.05726873497219114
59,softmax,2,0.09100943125383366
59,softmax,3,0.07813680185907275
59,softmax,4,0.0944686853315901
59,softmax,5,0.03877742751791289
59,softmax,6,0.08620132031221353
59,softmax,7,0.10942374609358814
59,softmax,8,0.09879576134853171
59,softmax,9,0.13897802735736497
59,softmax,10,0.06502073631246838
59,softmax,11,0.14191932764123266
60,softmax,1,0.05645755735433635
60,softmax,2,0.07387778744242333
60,softmax,3,0.013207031955346418
60,softmax,4,0.09922985588761214
60,softmax,5,0.007057009364414215
60,softmax,6,0.09793626801117826
60,softmax,7,0.0439466172278531
60,softmax,8,0.1671653110762448
60,softmax,9,0.27758657360898775
60,softmax,10,0.07476083511517684
60,softmax,11,0.08877515295642678
61,softmax,1,0.0503085043371935
61,softmax,2,0.09356596182053144
61,softmax,3,0.02798185536114654
61,softmax,4,0.04655386248407038
61,softmax,5,0.11630884286969805
61,softmax,6,0.09545180240570164
61,softmax,7,0.142605541931341
61,softmax,8,0.13400330952187034
61,softmax,9,0.18008363846038783
61,softmax,10,0.05362352003426299
61,softmax,11,0.0595131607737964
62,softmax,1,0.04008173588888274
62,softmax,2,0.03224587925931691
62,softmax,3,0.031296977331123785
62,softmax,4,0.04301034884971446
62,softmax,5,0.41276343175704466
62,softmax,6,0.043438102504950324
62,softmax,7,0.062471698835106164
62,softmax,8,0.1159136210683471
62,softmax,9,0.10454869955727805
62,softmax,10,0.05109552528222489
62,softmax,11,0.06313397966601103
63,softmax,1,0.05362810176426563
63,softmax,2,0.07446197241556496
63,softmax,3,0.10747598783118228
63,softmax,4,0.04943040561939842
63,softmax,5,0.12021773369384288
63,softmax,6,0.04497512016676118
63,softmax,7,0.056635284579768304
63,softmax,8,0.1260644819370574
63,softmax,9,0.16913069688131066
63,softmax,10,0.04492304400925172
63,softmax,11,0.15305717110159656
64,softmax,1,0.07745075570519458
64,softmax,2,0.1163488572521615
64,softmax,3,0.1417179289934787
64,softmax,4,0.052123236597765084
64,softmax,5,0.05069676236284854
64,softmax,6,0.1077503510294838
64,softmax,7,0.10017772430646872
64,softmax,8,0.07863752846213375
64,softmax,9,0.07447503537463175
64,softmax,10,0.1393382755964254
64,softmax,11,0.06128354431940816
65,softmax,1,0.08879885238680758
65,softmax,2,0.07754489065368171
65,softmax,3,0.13184015501805715
65,softmax,4,0.1117830525707877
65,softmax,5,0.048494637882829913
65,softmax,6,0.13871762096012155
65,softmax,7,0.11225800942282167
65,softmax,8,0.10009438977183266
65,softmax,9,0.05412453269647866
65,softmax,10,0.11079005008090322
65,softmax,11,0.0255538085556781
66,softmax,1,0.13446681651013784
66,softmax,2,0.07393798892149062
66,softmax,3,0.03808973497283568
66,softmax,4,0.08617714676832995
66,softmax,5,0.17647382207608728
66,softmax,6,0.11233243760123643
66,softmax,7,0.06716977673626798
66,softmax,8,0.10012777000279388
66,softmax,9,0.07709966257646056
66,softmax,10,0.11924850016180726
66,softmax,11,0.014876343672552556
67,softmax,1,0.047024779475987995
67,softmax,2,0.05690814069909075
67,softmax,3,0.07013106518675932
67,softmax,4,0.10670605831224328
67,softmax,5,0.1832583809276163
67,softmax,6,0.06784700970350445
67,softmax,7,0.07006476706880393
67,softmax,8,0.07353930897814544
67,softmax,9,0.14419977619733357
67,softmax,10,0.10646864246213444
67,softmax,11,0.07385207098838062
68,softmax,1,0.03621834676548463
68,softmax,2,0.06318083036900721
68,softmax,3,0.08153046081336325
68,softmax,4,0.0405409878338313
68,softmax,5,0.05057260869223426
68,softmax,6,0.04769907107782121
68,softmax,7,0.06873000460147007
68,softmax,8,0.06152456410657015
68,softmax,9,0.0640599620329891
68,softmax,10,0.0482444771934213
68,softmax,11,0.43769868651380733
69,softmax,1,0.03199167143732021
69,softmax,2,0.08427429301083197
69,softmax,3,0.16491917547290236
69,softmax,4,0.07654912924113508
69,softmax,5,0.03161647818138533
69,softmax,6,0.0442847098845056
69,softmax,7,0.10889714139256874
69,softmax,8,0.05241334689830313
69,softmax,9,0.20816318704811576
69,softmax,10,0.010609701659049998
69,softmax,11,0.1862811657738818
70,softmax,1,0.050344003452322976
70,softmax,2,0.07682974702118492
70,softmax,3,0.13642039517184124
70,softmax,4,0.1257203985432047
70,softmax,5,0.053869454680402516
70,softmax,6,0.08183656994302463
70,softmax,7,0.07815691972643996
70,softmax,8,0.039092277784267715
70,softmax,9,0.1305953009259228
70,softmax,10,0.0593101400567673
70,softmax,11,0.1678247926946212
71,softmax,1,0.05718124152859721
71,softmax,2,0.06454792998718434
71,softmax,3,0.05979579029433402
71,softmax,4,0.10401249141047735
71,softmax,5,0.050989337194370515
71,softmax,6,0.0734030161357906
71,softmax,7,0.026993685979717744
71,softmax,8,0.22839437685012418
71,softmax,9,0.0547983971008668
71,softmax,10,0.06127309675351983
71,softmax,11,0.21861063676501744
72,softmax,1,0.06326468894986445
72,softmax,2,0.09677222212357053
72,softmax,3,0.08322937566202379
72,softmax,4,0.13240812022451567
72,softmax,5,0.05280874688618554
72,softmax,6,0.1731650350966927
72,softmax,7,0.04005073531734004
72,softmax,8,0.13660428653201961
72,softmax,9,0.08476468997394714
72,softmax,10,0.03443824086808385
72,softmax,11,0.1024938583657568
73,softmax,1,0.061754792729314535
73,softmax,2,0.08727980785152037
73,softmax,3,0.07982641419300762
73,softmax,4,0.1002028732544616
73,softmax,5,0.11631119642858219
73,softmax,6,0.1717668386656618
73,softmax,7,0.05658286064287913
73,softmax,8,0.07380364998717116
73,softmax,9,0.10340782613394943
73,softmax,10,0.07814395386755914
73,softmax,11,0.07091978624589292
74,softmax,1,0.05943839075615822
74,softmax,2,0.08485050712667934
74,softmax,3,0.1161258814268176
74,softmax,4,0.16878044174911203
74,softmax,5,0.13130610697696454
74,softmax,6,0.07277383017196892
74,softmax,7,0.04782792120236164
74,softmax,8,0.12638593081030583
74,softmax,9,0.050047392819948855
74,softmax,10,0.08005669187271479
74,softmax,11,0.062406905086968216
75,softmax,1,0.05385854022735806
75,softmax,2,0.08143291969711089
75,softmax,3,0.0828233682721506
75,softmax,4,0.1846606410740147
75,softmax,5,0.1537437260545093
75,softmax,6,0.0658364723763041
75,softmax,7,0.0598602673592398
75,softmax,8,0.10296501089867463
75,softmax,9,0.07149964302658184
75,softmax,10,0.1076087124577012
75,softmax,11,0.035710698556354885
76,softmax,1,0.05882827405668093
76,softmax,2,0.13213706030833938
76,softmax,3,0.10354613267641749
76,softmax,4,0.10848972284608902
76,softmax,5,0.09914387527828475
76,softmax,6,0.056399703855503275
76,softmax,7,0.08202194593364721
76,softmax,8,0.06454451669967616
76,softmax,9,0.09794311757923407
76,softmax,10,0.08304686504868874
76,softmax,11,0.11389878571743896
77,softmax,1,0.05876798488052537
77,softmax,2,0.1906473038743515
77,softmax,3,0.1064035918176952
77,softmax,4,0.08436395547125626
77,softmax,5,0.09651015597234429
77,softmax,6,0.09991631807838194
77,softmax,7,0.07904070431627377
77,softmax,8,0.06975749047520705
77,softmax,9,0.08606422277477764
77,softmax,10,0.08018623005996457
77,softmax,11,0.04834204227922255
78,softmax,1,0.07843596671758575
78,softmax,2,0.09747863400893078
78,softmax,3,0.08520990543660054
78,softmax,4,0.11470450255236332
78,softmax,5,0.1076934061062209
78,softmax,6,0.11662683535595242
78,softmax,7,0.08115778174213611
78,softmax,8,0.11512783639435463
78,softmax,9,0.08942765722230253
78,softmax,10,0.07319644035484507
78,softmax,11,0.04094103410870784
79,softmax,1,0.08467580293518216
79,softmax,2,0.07551419559808413
79,softmax,3,0.10471381853556244
79,softmax,4,0.07865100775933012
79,softmax,5,0.08959588110265157
79,softmax,6,0.10147477370195991
79,softmax,7,0.09660495713550366
79,softmax,8,0.1043607479849997
79,softmax,9,0.09143011835983535
79,softmax,10,0.08438153226782483
79,softmax,11,0.08859716461906629
