oos_period,full_gcsr_eigenvector,full_gcsr_v2_eigenvector,full_gcsr_pagerank,full_gcsr_v2_pagerank,full_gcsr_softmax,full_gcsr_v2_softmax,graph_only_eigenvector,graph_only_v2_eigenvector,graph_only_pagerank,graph_only_v2_pagerank,graph_only_softmax,graph_only_v2_softmax,rs_selection,rs_selection_v2,bates_granger_mv,var_error,recent_best,equal
150,0.009418563309740656,0.0093836146081889,0.010386930873939914,0.010541807691453948,0.01013543245419795,0.010615565752873524,1.79446595573213,1.6273654770986423,0.1338957749617012,0.1588091366658515,0.0028393731270511904,0.011901110543744686,1.9725195413156695,1.9725195413156695,0.015158934619901573,0.10068125067574724,1.9725195413156695,0.009126520642814313
151,0.5777789049258563,0.5857486617253234,0.5819406095644304,0.5857486617253234,0.5699197936258891,0.5692154942699519,0.10480351598966821,1.3122372287630772,0.01656245373054318,0.00015094709264254263,0.1356478335922059,0.1362436047466138,2.189333986503953,2.189333986503953,0.63495959648476,0.35218666160596784,0.3430914009986862,0.2908742337003467
152,0.12375766770430703,0.11952265219889426,0.12631191651297502,0.11856961555886456,0.13974272104944085,0.11806653730039068,0.29601359796938786,0.005792363601187421,0.17508243134468573,0.0038881986520051546,0.0578242343379031,0.011815581221963654,4.6197773596851,0.2726584620120514,0.15307515831796564,0.04452888339488806,0.2726584620120514,0.005737603322526919
153,0.194562711118199,0.19044162248306123,0.192968486271305,0.1901345798095475,0.1875677536480905,0.18605430727286612,0.5866652237590482,1.4605399307432065,0.2883065853396447,0.223751611313266,0.1803159640284227,0.1387085186646228,2.0784233198101645,2.0784233198101645,0.21146338990014996,0.25745920417898227,2.0784233198101645,0.13830208753061568
154,0.1457055418290432,0.16922484538009053,0.15866617841850436,0.1441320915214984,0.14634970784029866,0.15113981059173676,0.2018540667595194,1.7568952526236903,0.6316466681727426,0.569167663087668,0.013520013419054759,0.0558742304458982,0.8160835212571861,4.1438573308600155,0.1777957695219305,0.4518243650352033,4.1438573308600155,0.008305786021171034
155,0.6257799856567222,0.6257799856567222,0.6284244148713455,0.6257799856567222,0.6257799856567222,0.6257799856567222,2.5881071601831604,5.679724843227557,1.7821259407739616,2.364170019316768,1.6975647086543686,1.293057985282444,2.846660876499302,7.100642421174463,0.5854245016989388,0.6688710710489181,0.41862138117502773,0.9548920727469753
156,0.2762700563228097,0.2767195545489076,0.2762700563228097,0.2783221138105015,0.2762700563228097,0.2769305750843824,0.512495461776931,0.3267317062920316,0.4390766052389061,0.3471317222557,0.4252361006936348,0.34827955245458336,0.41842606125181364,0.41842606125181364,0.27480153413494696,0.3818745964591982,0.41842606125181364,0.3625957112535748
157,0.30616371831408934,0.3239603889530212,0.30697083730113467,0.3243554640110343,0.31465278561927923,0.32425925329816396,0.09865995574334947,0.57397163853565,0.10902511590151488,0.43110279736097734,0.40474468651593914,0.4526505042972276,0.07849158911385858,0.7804124354734064,0.3062952093066256,0.3336893790662226,0.7804124354734064,0.4624420062782791
158,0.04363744189308602,0.04369529343185034,0.03996062412265827,0.04027194398140726,0.04424582151433256,0.04532985671497084,0.3924632384564264,0.34452082012354013,0.0033156306164215514,0.0013554534756325606,0.024060711441407912,0.04202715057335747,0.9591528123509914,0.9591528123509914,0.042671531890420354,0.09320138969027039,0.9591528123509914,0.04158825708245566
159,0.3027744844237511,0.3110003604285531,0.30059590292545146,0.3109344347091605,0.31247800150334265,0.3259800652446222,0.0813780571634875,0.30730676121176814,0.037587546106412864,0.13694911299917195,0.06271695052503085,0.08491823211865555,0.3358586315032174,0.3358586315032174,0.3764021705092609,0.28479733248019584,0.3867539616679593,0.037157386630189866
160,0.24449408982284224,0.24604569503016405,0.24467830353859452,0.24677443555297635,0.24616185513514738,0.2490869871258617,0.07223081007282554,0.10067363179692962,0.055762144246002544,0.08155245761649933,0.09576473033173456,0.11518628090622536,0.10859167179224126,0.10859167179224126,0.2704346374639424,0.29844296390659375,0.13190856094919778,0.04011705392811409
161,0.0013427281856017415,0.0013595312842889136,0.0013302174536342982,0.001459785404692335,0.0013728380096976703,0.001620575503012277,0.025230794771019305,0.041488206731132,0.15464650731875043,0.04879428882274993,0.07761010221255754,0.060006813247423844,1.0969559959027733,0.008633162425683051,9.700944747111495e-06,0.012712653131340873,0.03563612603712475,0.03101719540806036
162,1.0035904187492908,1.0037573208430524,1.0095423512132653,1.0113415778919321,1.0157587100979912,1.008452044479134,0.6819552317592716,0.8978442854506838,0.8107871308049199,0.8738160503569451,0.9380687863634294,0.9748183987834359,0.6816716262785509,0.6816716262785509,1.0417533234353313,0.9318822632150386,1.2525408899661734,0.6649837660588601
163,0.3973712932696964,0.3966163005653279,0.3922348811259897,0.392323315218134,0.39071517488418195,0.39033452868254515,2.9388114829515257,2.5500073114195043,0.41889815830868427,0.8030895917910345,0.43656641530398005,0.4408249027220987,0.03725233749928541,3.128704507160497,0.3914404228238218,0.386953087977827,3.128704507160497,0.3120638216202111
164,0.11358472939977855,0.10824868648843412,0.1120995412965794,0.11033703954113548,0.11258074768892425,0.11258074768892425,0.5734919092253351,0.6296258005551227,0.07687771107880084,0.058209791177666476,0.09681575322457206,0.017018026903598153,6.225025232270765,6.225025232270765,0.129130990952558,0.14782339008764814,6.225025232270765,0.11926648779855235
165,0.9585019996938,0.9585019996938,0.9585019996938,0.9585019996938,0.9585019996938,0.9585019996938,0.663648988844469,0.789117866197113,0.9372061929079498,0.7674974699350097,0.7320836214034835,0.6409593321907507,1.0585655886975556,1.0585655886975556,0.9883519545951613,1.1750486615578253,0.4145875156659818,0.7105769093232112
166,0.08990130078656822,0.08990130078656822,0.08990130078656822,0.08990130078656822,0.08990130078656822,0.08990130078656822,0.04041919987045579,0.10577246910555835,0.09137560824796132,0.009030913569088032,0.092992958263483,0.11135389564264583,0.008230908507567298,0.3746135867849089,0.08343754287859763,0.04710832784011776,0.10230287890661088,0.12492230915542171
167,0.21676046689240036,0.21676046689240036,0.21676046689240036,0.21676046689240036,0.21676046689240036,0.21676046689240036,0.10762704532569296,0.8841294328683275,0.15210241466643165,0.8147828051699303,0.4099705263362968,0.5569436177666134,0.6104978035469281,3.832572838899878,0.19256298204030825,0.098258875746064,2.7675340751452873,0.43238605198786517
168,0.012084528628994092,0.012084528628994092,0.012084528628994092,0.012084528628994092,0.012084528628994092,0.012084528628994092,0.5607910013530019,0.02448059047082246,0.10553703804285762,0.003982328649868007,0.044081244514135885,0.0003312875739077213,1.9987933608463837,0.017365141212695126,0.010869001617512636,0.03966448103777753,0.017365141212695126,0.000271258101617153
169,0.1134910695538107,0.1134910695538107,0.1134910695538107,0.1134910695538107,0.1134910695538107,0.1134910695538107,0.26475094820029677,0.16870992747155178,0.13614649430541417,0.13681122133230694,0.14895623783907452,0.12286723152521564,0.13340662633334438,0.13340662633334438,0.11204631646439994,0.03432330745802253,0.13340662633334438,0.061307608773048264
170,0.1853303572701346,0.1853303572701346,0.1853303572701346,0.1853303572701346,0.1853303572701346,0.1853303572701346,0.06295459374020641,0.4365155103080684,0.15829218694705807,0.1300493858043104,0.44948303652797955,0.5070258461744497,0.5971297442066436,0.5971297442066436,0.17459407505802682,0.1286660457805129,0.5971297442066436,0.6246406767130095
171,0.31062387772624245,0.3080115225380508,0.3076549720475176,0.3080115225380508,0.30901181113699805,0.30915246869206475,0.495319487872727,0.7991167077345916,0.3886942232678169,0.5169647601886921,0.37450075009907563,0.4522522567438945,0.007728633831860041,0.8495613740739322,0.272506248904492,0.4374234096990255,0.8495613740739322,0.4137243029311385
172,0.08258278573106982,0.08258278573106982,0.08258278573106982,0.08258278573106982,0.08258278573106982,0.08250171362546446,0.4620451195162382,0.2801439266301746,0.07114847894924027,0.01156134288049728,0.022784876885080196,5.415658076335375e-05,0.35048386562672645,0.35048386562672645,0.0965074852733085,0.002321519002787604,0.35048386562672645,0.001710910312679639
173,0.2798702686323207,0.2798702686323207,0.2798702686323207,0.2798702686323207,0.2835019638515797,0.2798702686323207,0.8683554418341954,1.3970853202215607,0.4358199263896089,0.4519150055974938,0.3151527206792287,0.33349906983599553,1.570050452551843,1.570050452551843,0.27584797942902006,0.12145002762931591,1.570050452551843,0.16373010952253633
174,0.18887133902678074,0.20006842718719323,0.19329562588806912,0.19877502096875366,0.1993550119479587,0.19243189045126266,0.0005832065307642665,0.00024199308337130297,0.009640469430575014,0.015795570445529934,0.06626761959436142,0.03202314875503284,0.3722112522066907,0.011468545082900659,0.21180039291430566,0.21446244278505494,0.011468545082900659,0.11677877656637652
175,0.01727215172033558,0.01721925906094554,0.01792132908311591,0.017925878094307773,0.018041878350890907,0.018031927755348287,0.22739742632564716,0.2390539538219141,0.14211222580873603,0.13974739768143593,0.25649413551135064,0.21979395698697612,0.3360466399652873,0.3360466399652873,0.02083363027302073,0.029756436270151215,0.3360466399652873,0.10156608862722699
176,0.719988562544316,0.7191322828185034,0.7217750528740401,0.7218106464367375,0.7195524078636832,0.7223185686715441,1.221727749231451,1.0309629597026257,1.1955915536169235,1.0936064111310195,1.0481202087628334,0.9761560081526841,0.9091605875395922,0.9091605875395922,0.708260112389231,0.7416623392356829,0.9091605875395922,1.1746111295557167
177,0.006266618231234755,0.006229500265572451,0.006223313334102836,0.006466575710037761,0.007189048150909594,0.006669267902950398,0.19877867733987123,0.22413666558001316,0.03710923130025301,0.015839792767860666,0.015862619632665196,0.4936069124978054,0.370177254520723,0.370177254520723,0.0074299244579951315,0.06537149342366944,0.370177254520723,0.038724842395256406
178,5.213322122588727e-05,4.102442327145456e-05,8.526360719857626e-06,2.0412474740540476e-05,8.535503512113919e-06,1.0392660355849527e-05,0.02457192215841761,0.003684218167004421,0.0036289496613793413,0.00034056804975912745,2.1912354234589225e-05,1.698019103647363e-06,0.02462487674788922,0.02462487674788922,4.216133109058392e-09,0.0029362383018609133,0.02462487674788922,0.0007480542235427467
179,0.9794491939805285,0.97901727759427,0.9955438565880108,0.9974085861718853,0.9892406739744887,0.9895835256009559,2.5113435177744656,2.406275101521957,0.887818507751028,0.9133779067389524,0.881463180536936,0.9100635067767571,2.511882034954934,2.511882034954934,1.0150162063267034,0.8186286145857031,2.511882034954934,0.3404486770652814
180,0.06765891124128429,0.06765891124128429,0.06660117747090324,0.06703527659435829,0.06424521253047423,0.06711779594171506,0.6791177224501834,0.0007288045094942091,0.021996394762735086,0.09071563110487307,0.07129612834077613,0.0853926478914383,0.6796234789990525,0.021438147752852996,0.06161962658261846,0.09471366993107155,0.6796234789990525,0.4400776167305449
181,0.028657941996423127,0.028488149704185,0.02674511475119464,0.029238755125253698,0.026422887074941365,0.027731381396087003,0.7813135391106548,0.6682123156893216,0.04550157824218435,0.09370614543964526,0.004125430776986272,0.013831236381431251,0.7818119604879321,0.7818119604879321,0.02951372356760662,0.03691271474710093,0.7818119604879321,0.02906598832594176
182,0.03364651074208815,0.03367381058617297,0.034010665965101085,0.03424402879898368,0.03614996090973486,0.03696263080415538,0.6805682203571507,0.661301099991267,0.00023658876650767385,3.8380882070629105e-05,0.02187246093327418,0.03300866456637281,0.6810432014704578,0.6810432014704578,0.03964565140493428,0.030428165798160704,0.6810432014704578,0.01625483311877149
183,0.385660722958013,0.37953466578599787,0.3797850862316702,0.3825411396316829,0.38474504008728905,0.3990968588708221,0.4368453504062915,3.0122968404679042,0.21790687728729913,1.120892606034886,0.4245120401129876,0.9799235267005507,3.1324142367250185,3.1324142367250185,0.3474594930282023,0.4465145091943509,3.1324142367250185,0.31408589388468583
184,6.823657473803857e-06,6.823657473803857e-06,6.823657473803857e-06,9.123666829521277e-07,4.553875708302343e-07,2.192774906949141e-06,0.03451537644111214,0.49206885572537357,0.023047781289970558,0.020771287171309237,0.011700258237026926,0.0032033856901142405,0.8192466704423547,0.8192466704423547,2.2483689887121512e-05,0.036871136994272476,0.8192466704423547,0.007290386519652002
185,0.46932242286085624,0.43703120453484007,0.43969330064123974,0.43703120453484007,0.43703120453484007,0.43703120453484007,1.9822008346210631,9.118737093115362,1.9670518824795722,2.6379397817055468,1.2150192327169513,1.354730731651134,10.267241512787013,10.267241512787013,0.37901586571719087,0.8524526960025015,10.267241512787013,0.8191110240869623
186,0.1054330541722374,0.1054330541722374,0.1054330541722374,0.1054330541722374,0.1054330541722374,0.1054330541722374,0.6350250347614068,0.8244288518374371,0.5854681623445744,0.5745584386756388,2.5229850666676317,0.21694521523378849,3.77827708856755,3.77827708856755,0.08439516058804335,0.037747063309633386,0.03320601611578733,0.1688072192834651
187,0.25830630703090085,0.27005614576040937,0.25830630703090085,0.26217562961558755,0.25830630703090085,0.2652055659049901,0.10661665289169223,0.296099451217538,0.15053733673580913,0.19530402609090525,0.17618631222093625,0.1737367079592024,0.09474561280911471,0.3277885781698279,0.2741999852420675,0.26035912621896345,0.3277885781698279,0.15061067982856288
188,0.007596400367702982,0.00906230498608593,0.006082877490384278,0.005984206128601728,0.0011184962360085726,0.0011888948196254541,0.14958502803167678,0.3015947689900632,0.03305894831792766,0.028427132139523897,4.83783855312246e-05,0.00017394478151130488,0.5238475382388429,0.5238475382388429,0.007278581873205418,0.022713718479397137,0.5238475382388429,0.022287704661498473
189,0.17444898981314058,0.17469717884540467,0.17671602151072727,0.17701133338097413,0.18055477077355903,0.1786471181633993,0.025984595537585187,0.029943565672991262,0.2011247774425806,0.2007937381584892,0.32731122702814375,0.30605418689169,0.02595652614827118,0.02595652614827118,0.17019024944786823,0.20219290743124674,0.02595652614827118,0.36132549554501575
190,0.32380876736801184,0.3236111441650503,0.320206553262451,0.32015524599541456,0.3474293915201985,0.3105528143170342,3.0320558912938984,3.0037233670845733,1.0212097048388942,1.045825793675388,0.5992180288092476,0.5879202016765291,3.0327361778758317,3.0327361778758317,0.2912980299567335,0.33132341070034654,3.0327361778758317,0.26953373303588013
191,0.0003035813787232848,0.0003035813787232848,0.0003035813787232848,0.0003035813787232848,0.0003035813787232848,0.0003035813787232848,0.007093952577492226,0.09676497174735245,0.030007749709259846,0.011721727659710678,0.019406333548483725,0.003075006388953167,0.4467869546933621,0.4467869546933621,6.711376980659678e-05,0.0008719024127436885,1.0558959851908736,0.002305292341910002
192,0.04847682832362756,0.04847682832362756,0.04847682832362756,0.04847682832362756,0.04847682832362756,0.04847682832362756,0.6274564069726438,0.8620557923957163,0.09834362073690121,0.09591552067029713,0.0034552921777868902,0.0024035361857467326,1.146072352857857,1.146072352857857,0.04400191502423671,0.02153321716510582,0.15659993941227326,0.012002864168413108
193,1.6574943198848173,1.6574943198848173,1.6574943198848173,1.6574943198848173,1.6574943198848173,1.6578740040581583,1.8161666224394124,1.885970181654533,1.7257094135635132,1.7953781667268751,1.6240882978587123,1.7237549629509175,1.8831108649389092,1.8831108649389092,1.658968421951573,1.647871816376053,1.243832205313415,1.6941774101782545
194,0.6585451256407986,0.6259998830990445,0.7098037159618119,0.6259998830990445,0.6474368113758822,0.6253660411878663,0.886637376650883,0.9122226214815597,0.7318894996231265,0.45796771934857405,0.6499016180373953,0.3083997903927415,2.551259437425777,0.8966190632142711,0.6603651158623843,0.6741970383191555,0.14812575408679574,0.3102016517261116
195,0.36507021956207264,0.36507021956207264,0.36507021956207264,0.36507021956207264,0.36507021956207264,0.36507021956207264,0.4246264283209978,0.1682822214754873,0.46776407357385535,0.43138229441835135,0.6257839134828544,0.6265015646042909,0.05680178637128322,0.05680178637128322,0.343900133841191,0.3302176479699414,0.5435360664678944,0.6607936961197485
196,0.9950447156539313,0.9852238670750221,0.9852238670750221,0.9852238670750221,1.0253532652467559,0.9852238670750221,2.5403254576973957,1.7995535730332521,1.887205973807652,1.2741927352801636,1.4287646800448788,1.3103760408470022,0.879574134337333,1.9213734082358096,1.0239070147752571,0.9560284329585197,0.879574134337333,0.7880587677666919
197,1.120866917762439,1.1352521331049834,1.1352521331049834,1.1289178959797042,1.1352521331049834,1.1352521331049834,0.5827281116894514,0.18128857079075808,0.24281450488052406,0.4196769726457207,0.3894226479566949,0.35034899686557247,0.8503739623483864,0.8503739623483864,1.1708613089014617,1.448076805673301,0.8503739623483864,0.5090834538128439
198,0.08429461535523869,0.08413322177941597,0.08413322177941597,0.08413322177941597,0.08413322177941597,0.08413322177941597,0.27210145686550746,0.2592538695968345,0.010426820351244074,0.01347693744294311,0.1478760943303201,0.1144154999773634,2.429364849340337,1.0548801978661875,0.07191397309587086,0.10202984609820687,2.429364849340337,0.17656867150556263
199,0.6754785715924276,0.6754785715924276,0.6754785715924276,0.6754785715924276,0.6754785715924276,0.6754785715924276,0.1871696787355495,0.18591605611826606,0.45424286462926106,0.4616445145096373,0.45606963443643156,0.4871003216298139,0.1356072763628017,0.1356072763628017,0.6940913654031459,0.8047337300476605,0.24987250127941912,0.5834837218039091
200,0.0006271645739398581,0.0006271645739398581,0.0005443239003393523,0.0006271645739398581,0.0006271645739398581,0.0006271645739398581,0.01596062321051327,0.03128900998691007,0.03492160095502779,0.020113603867355796,0.005422587305855028,0.031643776175120604,0.018609645272775633,0.018609645272775633,7.139293066254397e-05,6.4464742235116e-05,0.018609645272775633,0.008162437804974334
201,1.4404873575271189,1.4404873575271189,1.4404873575271189,1.4404873575271189,1.4404873575271189,1.4404873575271189,0.1742518784282573,0.11527212541698503,0.9786382029481179,0.4990103087666905,1.76163469106907,1.4352332710080484,0.23674527818174368,0.23674527818174368,1.4940726427208815,1.7834707354779564,0.03760505284211608,1.6121210556459746
202,0.24710226528183132,0.24710226528183132,0.24710226528183132,0.24710226528183132,0.24710226528183132,0.24710226528183132,0.005292274997771538,3.612846497988004,0.33967494689130123,1.0620144547589112,0.09465138059021976,1.1604526923896246,3.868290376269573,3.868290376269573,0.23905987356447655,0.07047586963039466,2.2845670622524232,0.10528873637410656
203,0.5067877898375043,0.5322165151535306,0.5322165151535306,0.5322165151535306,0.5322165151535306,0.5322165151535306,0.11266563177736993,2.13119738888002,0.8402286149485966,0.998276938720902,1.4248508865875957,0.7905273775348843,1.79343986720222,1.79343986720222,0.4939015549826506,0.39795621867368486,1.79343986720222,0.5527350498928618
204,0.6644887053941696,0.6677987576732741,0.6391699419190936,0.6525530600882897,0.6245305566412936,0.6245305566412936,0.9606337026304971,2.2520428855958254,0.8005274618694965,0.9785881945528058,1.0867198618705856,0.946585403546607,0.9836500045722695,0.9836500045722695,0.617307724648727,0.6667488590682075,0.9836500045722695,0.6027621246237737
205,0.6468079208775542,0.6014532721487263,0.6494715768763993,0.6335618788261109,0.6494496674789196,0.6494715768763993,1.0060326988802755,0.32000847845373787,1.1319925171046852,0.7772757592934486,1.1038076843763946,0.9867057994747679,0.12625036227718972,0.12625036227718972,0.5897124166713344,0.5477358657798597,0.12625036227718972,1.0601266413565724
206,0.012251661174800072,0.0033751772182456694,0.012642981988916547,0.011876585421656316,0.016191759826295827,0.019174576414378922,0.4857552581686082,1.3098379924011927,0.052232066597191346,0.08103620491537603,0.043375354196175116,0.005762318755429659,1.8354374138598453,1.8354374138598453,0.016367009333207217,0.008562141538174084,1.8354374138598453,0.03826243948812011
207,0.09727700498148946,0.10286721871003791,0.07761720892832771,0.10286721871003791,0.09892217324710292,0.10286721871003791,0.10251005967293195,0.23823571000330385,0.049411238626013175,0.20768108074271358,0.14651086498261626,0.2560198658417092,0.11459098559286456,0.11459098559286456,0.08842346614014969,0.05753943717852099,0.5986537639166118,0.11602603714477934
208,0.17775729609894436,0.17775729609894436,0.17775729609894436,0.17775729609894436,0.17775729609894436,0.17775729609894436,0.033025416281462446,0.026230043156496716,0.061493380263751986,0.08025718600983327,0.08131707916621421,0.09095535383063423,0.04130728603277311,0.04130728603277311,0.18622552486804622,0.2588081474963205,7.426733866416336e-05,0.16368539856159883
209,0.0852158835758711,0.104357338616985,0.08557408317766284,0.09582374985385508,0.10773550402760228,0.10773550402760228,0.472319551963937,0.13195608986221388,0.02794043858069941,0.03166383333924141,0.015840579921578977,0.020431687599604377,2.9794538019216446,2.9794538019216446,0.11377551478536847,0.014300821725883792,3.0350676259837455,0.13644938856565025
210,0.636074376242931,0.6242405107699064,0.6242405107699064,0.6242405107699064,0.6242405107699064,0.6242405107699064,0.7569281951907442,0.5009130485412562,0.5351182074312109,0.4760603284348093,0.5147515738892969,0.47405851175294356,1.5473565684255155,0.0825563409759719,0.6630531805275224,0.7482173340077104,0.18224708557122488,0.5474405981956476
211,0.6407358087929204,0.6407358087929204,0.6407358087929204,0.6407358087929204,0.6407358087929204,0.6407358087929204,0.49222471849196675,0.13554678997924555,0.35926585387255444,0.27902688062799197,0.6305050987314149,0.6207008044056195,0.020473449382783813,0.020473449382783813,0.7070101439238548,0.5508801910579845,0.8007686980656263,0.5169256639376426
212,0.013754556436230957,0.013754556436230957,0.013754556436230957,0.013754556436230957,0.013754556436230957,0.013754556436230957,0.07634041238922672,0.08396408968803724,0.03798484387974854,0.04245900468399642,0.032848936379274156,0.041501058538385954,0.08324475944937812,0.08324475944937812,0.015450218402614386,0.05483677367510689,0.08324475944937812,0.02810391439907477
213,0.3582755344694651,0.3582755344694651,0.3582755344694651,0.3582755344694651,0.3582755344694651,0.3582755344694651,1.1263535071691437,1.1892283347498012,0.04846458071080996,0.04679970341100549,0.003961568859573533,0.01563005955208299,1.3518871747227656,1.3518871747227656,0.43879089849726094,0.5957652723431722,0.021871493898453415,0.12045578916486485
214,0.2368410246785977,0.2368410246785977,0.2368410246785977,0.2368410246785977,0.2368410246785977,0.2368410246785977,0.937185038875876,0.824966058222262,0.5877481874786069,0.5140602247837608,0.46857473119927295,0.4495455146425387,0.6767265590084736,0.6767265590084736,0.20496907893659505,0.15661643562057717,0.6767265590084736,0.25995727506581745
215,1.5479758313301133,1.5479758313301133,1.5479758313301133,1.5479758313301133,1.5479758313301133,1.5479758313301133,0.22279943953770637,0.17391850839596978,0.43107884466686575,0.6683280785714225,0.7144109729144144,1.0012942262148374,0.23687569540861197,0.23687569540861197,1.6084294875717624,1.5701217555780005,0.23687569540861197,1.4304841886873392
216,7.088745201473005e-07,7.088745201473005e-07,7.088745201473005e-07,7.088745201473005e-07,7.088745201473005e-07,7.088745201473005e-07,1.7248312691343584e-05,0.002105070304332568,0.004958454086868595,0.00046098738009119804,0.0026753639231073927,3.787192562551632e-06,0.004050964991018946,0.004050964991018946,1.3585608619616665e-05,0.004295494467840786,0.004050964991018946,0.003862635297657922
217,0.0006442872317837341,0.0006442872317837341,0.0006442872317837341,0.0006442872317837341,0.0006442872317837341,0.0006442872317837341,0.553323113291918,0.6723273668450601,0.19217398096394184,0.19363922592482408,0.198560909862204,0.11309400664059224,1.27973735475172,1.27973735475172,0.002242442331700379,0.005468272807010294,1.27973735475172,0.12067073862981154
218,0.010508132768997043,0.010508132768997043,0.010508132768997043,0.010508132768997043,0.010508132768997043,0.010508132768997043,0.8275487682004509,1.1132405376251118,0.0783804447842639,0.16499390517896473,0.0017784813444719355,0.02527221608927993,1.6949342668588832,1.6949342668588832,0.007056052301265505,0.013808042608770263,1.6949342668588832,0.06731650886839222
219,0.04868573421662253,0.04868573421662253,0.04868573421662253,0.04868573421662253,0.04868573421662253,0.04868573421662253,0.2686862745746238,1.5502443738702203,0.2234554921339982,0.4632374363741113,0.2789183145292443,0.28207776306755517,0.0648965726445612,2.2708105633304005,0.028679362287142386,0.08819677903990768,2.2708105633304005,0.21984728692757
220,0.12207059307333665,0.11683048109090576,0.13038820131368903,0.11683048109090576,0.12079408903570864,0.11683048109090576,0.2024470486191233,0.3508378225210748,0.4204376400371195,0.11460523316917663,0.08679412354858108,0.01675067144774608,1.1588093856295234,1.1588093856295234,0.13127965411439868,0.20894738169371363,1.7824257041428493,0.08077396328315714
221,0.48601023968959123,0.48601023968959123,0.4954417498638817,0.48601023968959123,0.48601023968959123,0.48601023968959123,1.2819348091662741,0.1178003293533835,0.7173602499380608,0.3673854972239122,0.6068666043235023,0.5006783949470172,4.40579032870196,0.00419278312459036,0.4473085021301465,0.4323094337657042,0.16764565218232227,0.5353316399154772
222,0.2093104009827169,0.21082561092005953,0.2093104009827169,0.2093104009827169,0.2093104009827169,0.2093104009827169,0.21206032772156658,0.837466261013549,0.2704293893075364,0.38477044050832127,0.36761208407073437,0.49977797192103807,1.5424686050114103,0.015070396749465371,0.19266470414531003,0.23025223673119943,0.015070396749465371,0.2449077787387983
223,0.6191966994128039,0.6191966994128039,0.6191966994128039,0.6191966994128039,0.6198592689096405,0.6191966994128039,2.2684704274290253,2.2225378457775924,0.9025671767973068,0.9988999596054378,0.561478959223755,0.5874905935361373,2.4479771074159054,2.4479771074159054,0.6461683763863115,0.6193670738760721,2.4479771074159054,0.6077671265680256
224,0.05813367988969983,0.058655059944850645,0.03893071602999396,0.04546654752448518,0.037601561095417395,0.037601561095417395,2.5099818008641916,2.5415576355016967,0.2001943398237429,0.2492291341709175,0.01954168363659838,0.009525240070920399,3.435050554331958,3.435050554331958,0.07012304351314214,0.05766567480293033,3.435050554331958,0.025185881842167024
225,0.004108074067821799,0.004108074067821799,0.004108074067821799,0.004108074067821799,0.004108074067821799,0.004108074067821799,0.048364796543213524,0.02658566086520149,0.0178589681503448,0.007400555525094851,0.00207901206415146,0.010270354034459576,0.02031895319429712,0.02031895319429712,0.0008563851948642505,0.07371388895779324,1.655771101522305,0.11823533491451074
226,0.9068799414432898,0.9068799414432898,0.9068799414432898,0.9068799414432898,0.9068799414432898,0.9068799414432898,3.3527288408355562,3.6301062093652146,1.803343615893426,1.830058062543922,1.0986247676515661,1.1162407130474497,4.230798021027969,4.230798021027969,0.877446109490089,0.880949593622433,4.230798021027969,1.1103557962762698
227,0.8176693376243694,0.8176693376243694,0.8176693376243694,0.8176693376243694,0.8176693376243694,0.8176693376243694,0.2281061514855642,0.13372232829712927,0.3538544952924339,0.37238128629787126,0.5890587567458339,0.6017626732898603,0.02751700316198703,0.14690097027180826,0.8522513968045857,0.9319355224047773,0.02751700316198703,0.6584511147666595
228,0.9150017717096122,0.9518877862129843,0.9402959626127061,0.948927813354658,0.9396322680568222,0.9394742131942141,1.0388850624219146,0.4286265692229964,1.519532294137831,0.9399059066166044,1.1470933893766102,1.1536626614473284,0.009438336864989853,0.720649367074788,0.9145019106926697,1.1486887935089896,0.009438336864989853,1.31890520170697
229,0.10201902346307314,0.11892598225347005,0.10834195233409649,0.11892598225347005,0.10569929601435288,0.11665475433933346,0.007889805169903473,0.009400733307264746,0.006138043060480833,0.02423264932575042,0.00018081501071826178,0.04004304713424684,0.043194578488225124,0.043194578488225124,0.12706145524070522,0.16672996370217816,0.043194578488225124,0.10714988414525452
230,0.15513331655333518,0.15513331655333518,0.15513331655333518,0.15513331655333518,0.15513331655333518,0.15513331655333518,0.8531554817652343,0.8611109020691244,0.6834066301427679,0.6954235610927603,0.47961395887112973,0.5199268025864755,1.2677828823217114,1.2677828823217114,0.10326101938100125,0.13509501794327272,0.00014980425722716268,0.788766250253562
231,9.416580471224194e-05,9.416580471224194e-05,9.341009180387679e-05,9.416580471224194e-05,9.416580471224194e-05,9.416580471224194e-05,0.03472210745021925,0.021298823093843473,0.02204423455687416,0.0032715306881030332,0.04759064393683955,0.01068431982736358,0.30403157822165616,0.30403157822165616,6.720863203020733e-05,0.0017702957157230423,0.30403157822165616,0.04498307929491485
232,0.05810833558544491,0.05810833558544491,0.05810833558544491,0.05810833558544491,0.05810833558544491,0.05810833558544491,0.14082751306484484,0.3389574869507516,0.10192047417015702,0.1307641889320792,0.10200191662714184,0.09690476069327855,0.4615043934387398,0.4615043934387398,0.0570475745779524,0.020741386646020078,0.4615043934387398,0.027915300146892846
233,1.079077880812242,1.079077880812242,1.079077880812242,1.079077880812242,1.079077880812242,1.079077880812242,1.18116494730312,0.8718186027189238,1.0575277696059193,0.4932116094366374,0.9725419903332904,0.9083101703046916,4.270691869504468e-06,4.270691869504468e-06,1.2188616970620054,0.7394390581347068,5.346051099356956,0.41453333823185795
234,0.3410460341760512,0.3410460341760512,0.3410460341760512,0.3410460341760512,0.3410460341760512,0.3410460341760512,0.06298876368271132,0.030231376034594193,0.24489480087675033,0.13079618006447646,0.10349974865664162,0.17562750313489917,0.004210563479388851,0.004210563479388851,0.36904471979054065,0.32699225740352195,0.7149896119096117,0.1411105083580722
235,0.003646452115496036,0.003646452115496036,0.003646452115496036,0.003646452115496036,0.003646452115496036,0.003646452115496036,4.344039713007577,3.984707610379233,0.3626390672829918,0.3608566176124178,0.10663074194233374,0.08146249088161635,5.993764631505781,5.993764631505781,0.00899684478016115,0.012559119939958778,1.9977837118781983,0.0006637031913087592
236,1.322012553937022,1.322012553937022,1.322012553937022,1.322012553937022,1.322012553937022,1.322012553937022,1.0598283424657464,0.20279573583359836,1.3026263400925344,0.6493889662643656,1.4336489881462402,1.2003908840682913,1.2330992335177164,0.005550193907350686,1.302248477428115,1.3764925521457663,0.005550193907350686,1.0760032602782013
237,0.029279982743037777,0.02701936154209269,0.02795728568346182,0.02801776708710584,0.028499121728019206,0.028158225119383096,0.1390871084311782,0.17830586646624927,0.04900269869497721,0.049907743985055424,0.05763928904608686,0.045220108093193094,0.20994927592379173,0.20994927592379173,0.022286974320028186,0.026476087354813545,0.20994927592379173,0.004986365334277432
238,0.828919933829547,0.8290196779869208,0.8271880474590684,0.8271439304181485,0.8243840629604594,0.8238407580246879,0.9647362920007975,0.9800366278102384,0.7767168914149646,0.7825983922120567,0.7487031149626466,0.7354670172373305,1.304283050142751,1.304283050142751,0.856836883799688,0.6550120639605559,1.304283050142751,0.7578331248108238
239,0.062041210177347816,0.062041210177347816,0.062041210177347816,0.062041210177347816,0.0621602553943248,0.062041210177347816,0.08469597991843926,0.05070445653759418,0.10009610789819136,0.07320498676284132,0.18825279101310605,0.15122721930298644,0.027770937693531273,0.027770937693531273,0.04569453782193515,0.10047393183897683,0.07617457049324328,0.06980338094095652
240,0.0064199524721068775,0.0064199524721068775,0.0064199524721068775,0.0064199524721068775,0.0064199524721068775,0.0064199524721068775,0.10395067908231354,0.06960446147572227,0.059780920437448995,0.05260443990974426,0.022907316711677082,0.013478310831069311,0.45256397035094625,0.45256397035094625,0.005459680093731378,0.003318603751043919,0.45256397035094625,0.061787066703331964
241,0.03801042669258087,0.03801042669258087,0.03801042669258087,0.03801042669258087,0.03801042669258087,0.038434101534040484,0.7716672061670297,0.6963617216439002,0.07278338524744157,0.0809677208066605,0.0012496420295304927,0.004144292590774999,2.6567719614553473,2.6567719614553473,0.07134840382342418,0.04549225778012826,2.6567719614553473,0.0051879987088789626
242,0.4624262026446621,0.46476393394598126,0.45671094755799096,0.47429161643214623,0.45435096952389653,0.4548642991366537,1.9943165228891542,2.582979268339723,0.7769506609975162,1.073087104036505,0.5526076996189939,0.4977114746024184,4.444675532151025,4.444675532151025,0.4716733286507491,0.3534699908727456,4.444675532151025,0.5016969913960098
243,0.13237026885202927,0.13237026885202927,0.13237026885202927,0.13237026885202927,0.13237026885202927,0.13237026885202927,0.2192045984936059,2.3006098850830847,0.5971573506491317,0.6311195497680895,0.19548114929562777,0.2312809120969215,0.00012322628963448536,3.6069405562892243,0.12200130520233911,0.1664480606710363,0.00012322628963448536,0.18094758044665915
244,0.7726189177854185,0.7726189177854185,0.7726189177854185,0.7726189177854185,0.7726189177854185,0.7749825690742278,6.539629156732597,4.678611016727718,3.7539926881778576,2.1156474180737677,1.7555579739842029,1.6761416991232347,11.874164068073446,5.049342137718309,0.6676572650293365,0.8189915247010641,5.049342137718309,1.0397845509258083
245,0.5897538091761694,0.6624440302541359,0.5897538091761694,0.6232194202276874,0.5897153519008411,0.6141930363484661,0.19540864275196612,1.423656223131768,0.33515854101135656,0.6681756205697613,0.21620724609186262,0.5552304285442496,0.20135987340000458,1.5679122463528277,0.6719778164341293,0.8251412550733415,1.5679122463528277,0.20160098975666393
246,0.3267038281282636,0.32279313516579433,0.32540370718342243,0.31928207563908,0.3133557239665082,0.30948151308182426,0.8760323669357701,0.3975164598115934,0.1525670511965795,0.09697672741403413,0.1379344310052769,0.06513013945063534,0.4559757509343962,0.4559757509343962,0.35524921273653365,0.46326727111842014,0.4559757509343962,3.0625379768965857e-06
247,0.2965287492635875,0.2523205689027671,0.29473979569631387,0.2722935697860545,0.2965417474119813,0.29450130863538976,0.6229379502891292,0.09010222463217385,0.5485427061002778,0.4948373764983194,0.7088762792922526,0.6226949748032976,0.034776179614188794,0.034776179614188794,0.1704210423149043,0.16237800010792375,0.034776179614188794,0.6888444304558811
248,1.0845639918213623,1.1071694169494073,1.0845639918213623,1.110120369004576,1.0845639918213623,1.099986845056786,0.011972328377299946,1.0011352086334429,0.44356334158641486,1.0058085830583323,0.00045216212238507976,0.9585567794047646,0.6804548361312743,1.0117786198809489,1.0584703538954274,1.0225778718449707,1.0117786198809489,0.7320882006876694
249,1.9674965201778345,1.9994787760148263,2.0262864660912387,2.0516362285307967,2.0773808386223855,2.0702244725537553,0.005380579627751617,0.15861607059087887,0.36206945456774486,0.9906665517669355,0.07821282851589267,1.2103882946594497,0.006143853618296331,0.006143853618296331,2.248707727707805,1.7078180469372968,0.006143853618296331,1.1459823625732002
250,0.15519170187083287,0.18261824936709295,0.16077653512264364,0.16854077818034077,0.1429795335659461,0.1461113201805462,0.0747929642897437,3.777030269460309,0.1911111132256641,0.3989656109202894,0.014239919160835706,0.04832065346759682,4.492304250924184,4.492304250924184,0.18105641773158418,0.1698123387601667,4.492304250924184,0.0255891548131841
251,0.35350917971209916,0.3533656475328222,0.353665041753484,0.35166579507981605,0.35196742781615664,0.3493342799129303,0.11633828235819103,0.09210276448586777,0.15341018141080132,0.1288414955979825,0.09566951858768336,0.11679235535859366,0.10584802380482598,0.10584802380482598,0.39426179242195686,0.3042676703022831,0.10584802380482598,0.20015040246784496
252,0.004171525229161393,0.004052190713870015,0.004805554781734391,0.00463811572205817,0.005751607367110829,0.005690995244140643,0.010976913161327902,0.019256841351092607,0.02549142397112677,0.019364296833548372,0.07880901858386354,0.06847732871480182,0.07612327035343135,0.07612327035343135,0.00338289631643155,0.0020861491359794875,0.07612327035343135,0.06280605315559978
253,0.02927133002246096,0.0295615089431296,0.030070903582058467,0.031105363392269464,0.027506275571146863,0.02736640113730336,0.02337183471059581,0.05916103347580417,0.0011726719209086097,0.0012431414932375835,0.05233470827896002,0.05016350912504039,0.1670214666983665,0.1670214666983665,0.055712048848845674,0.0054773865267399085,0.1670214666983665,3.268220428430861e-05
254,1.0645907788132767,1.0687817076790675,1.0645907788132767,1.0660528722831701,1.0645907788132767,1.0645907788132767,0.4878151495485471,1.094224184630357,0.30762604372647967,0.7954859901548353,0.6030871380154493,0.7801491524436088,0.007927317235698844,1.3739063865019525,1.1947536926935152,1.122108346904066,1.3739063865019525,0.6195224192809433
255,0.30664229964153134,0.30664229964153134,0.30664229964153134,0.30664229964153134,0.3028485776736931,0.30664229964153134,0.1602575191086212,0.3560029694987966,0.1973220379581153,0.432742706792153,0.04149471058129066,0.537673763201187,0.1789856204614723,0.31926425573459344,0.2656984671707365,0.34355064279394626,0.31926425573459344,0.4047357522772205
256,0.04025734636947671,0.04025734636947671,0.04025734636947671,0.04025734636947671,0.04025734636947671,0.04025734636947671,0.37733186828655546,1.0039788141578354,0.18521239593567826,0.38073225352983653,0.24340359476149204,0.25081969522760345,0.2831027182491128,1.967195922404746,0.0350418292001061,0.02645756956911481,1.967195922404746,0.03176217352382914
257,0.37592492168071767,0.37798787902934083,0.37120952554342407,0.37491555549565175,0.3776552562720656,0.3743573288001625,0.004591128015486134,0.1220880780802688,0.16602063414937024,0.25039796958537286,0.15343125957117812,0.2608109982243248,0.026957370750539236,0.26221393555626854,0.39094194780916236,0.3258478287599206,0.026957370750539236,0.4656936799083112
258,0.08331741315412702,0.08331741315412702,0.0833524665933582,0.08324391562349036,0.08281084935180012,0.08161235821007463,1.1429633841901132,0.8419018246559603,0.29130565509729434,0.3120988841545742,0.07493159569454806,0.1389363433126513,2.3932420625113617,2.3932420625113617,0.07196926418589757,0.09249271689105294,1.0686386117361295,0.23106234529630534
259,0.42376498849299693,0.4214149018950876,0.41666796821823077,0.4354385695865873,0.4156325857847782,0.42730890557329565,3.314931493017607,1.8624278659004432,1.0522252279454751,1.0242435691277048,0.8087654202791092,0.4494537631537393,5.200041699078745,5.200041699078745,0.5189041910258828,0.6125140385785931,0.5330152420189246,0.24318700414920685
260,0.249091442391505,0.28034475421020966,0.24648905562218237,0.27364757919676325,0.25436351168121385,0.25934369664633183,0.0033035282437339423,1.6124053056919767,0.009263585870525065,0.27081862937845996,0.00861137431886422,0.04799587496559386,0.8270582936742895,2.2192651935934133,0.29299204690414443,0.19260253985049777,2.2192651935934133,0.032889897615676074
261,0.08693499283129832,0.08690038521561125,0.0849084124012542,0.08389449997957284,0.08181554215804039,0.0784781497419557,0.5011760161193949,0.5101584075499627,0.21744764824724233,0.19413937551728247,0.17344815975028935,0.09765038516691397,0.5689233531874895,0.5689233531874895,0.08524774987811594,0.18011491109464722,0.5689233531874895,0.0984091160867006
262,0.0006567509772426397,0.0005773718031565293,0.0006606630757635385,0.0005057110474357305,0.0005575884388686279,0.00040239054301830185,0.003387593719893146,0.01801777713268003,0.012123325172313789,0.0013303742383517661,0.019671144436074553,0.005032982825791511,0.0272541206569309,0.0272541206569309,0.00039384915037348806,0.009112327037419621,0.0272541206569309,0.034766150009435295
263,0.3079095778738924,0.30964515880711724,0.30030356938197383,0.30273029393673256,0.28743515055704194,0.2915775132996439,0.3129051397868873,0.3772870812163956,0.12208524640833551,0.14806964372954431,0.04067545018278021,0.06243143085966319,0.38859068033828503,0.38859068033828503,0.33856496776648576,0.4971054306835371,0.38859068033828503,0.10475324799905983
264,0.10509639510706593,0.09156989220282839,0.10344970348854367,0.09588743129535363,0.10344970348854367,0.1022898534228877,1.3293265807962824,0.03999604563699092,0.8568138206491389,0.18877545885108238,0.893504951596896,0.49169489595746096,2.8127316990308597,0.14475448009546496,0.07451538552492347,0.18527396256921683,0.14475448009546496,0.4990510914939406
265,0.013960219690297286,0.012719451646152838,0.008817706315260491,0.010875420796168489,0.008087334899980245,0.008210113976432166,0.3751582954654313,2.105612228449058,0.009037275958835323,0.14045035136564563,7.944423251102222e-05,0.0023979961342473523,2.5616861155222566,2.5616861155222566,0.010332342361766412,0.00644325675322627,2.5616861155222566,0.08365598529037527
266,8.080625180926334e-06,1.602890993290066e-05,1.1092082185563112e-05,5.261846376939641e-05,8.531391691302297e-05,0.00016882898705268746,0.025267217129813634,0.01825193645573435,0.04619634266038007,0.009094928738128684,0.0023038335572146233,0.0014166627871396165,0.0006129438711520764,0.10261368655327269,0.001149962997410108,0.005830415514488373,0.10261368655327269,0.03184399345205186
267,0.08635172891128026,0.09802801756560937,0.08690061740507467,0.0967238473916141,0.08472487584457064,0.08795688938166327,0.010574004517904152,0.4264154949971617,0.007916372372415478,0.11968017212524712,0.0015785181799687004,0.01901344417265405,0.010107519478434225,1.316749312711966,0.1077512869463431,0.1294896390281176,1.316749312711966,0.010986947071407205
268,0.05696848714992964,0.05696848714992964,0.05717699288518193,0.057080897133963845,0.05479263132785633,0.05686569904656469,0.2404134467900353,0.21288035914498965,0.1303643525754677,0.1590378463204513,0.06576927306032938,0.13085322256489498,0.6280982454722709,0.6280982454722709,0.04986065788427944,0.05776272539666437,0.6280982454722709,0.14307138150993773
269,0.5396123463602632,0.5090412576767067,0.5360621725129799,0.5100556273545946,0.5358305641540253,0.5250669946347547,1.3432314293386278,0.9035334801446051,1.1568667593071829,0.4954740899026761,0.6104901604102265,0.5095015598787553,0.36559051241304835,0.36559051241304835,0.5707949074941678,0.39200973877741396,0.36559051241304835,0.24693123263401023
270,0.12430164376601022,0.12430164376601022,0.12430164376601022,0.12430164376601022,0.12361181134243779,0.1248013250312657,0.07948558066724974,0.16110790567621844,0.05099277143905079,0.08476264088074553,0.017293231612429526,0.05532781387849343,0.17082256731007583,0.17082256731007583,0.14309983366734688,0.1556027807020498,0.17082256731007583,0.041243717115731375
271,0.14178734221111158,0.14178734221111158,0.14178734221111158,0.14178734221111158,0.14173867657653744,0.14174862814758168,0.04452326137865428,0.11492239953362907,0.01254272828945139,0.006530140421954321,0.054686566017752285,0.05094052813607448,0.18140950111629295,0.18140950111629295,0.17987381934561486,0.14136302191317177,0.18140950111629295,0.032462138151059354
272,0.0024041545223197967,0.0024041545223197967,0.0024041545223197967,0.0024041545223197967,0.0019290182544862073,0.0023332676457467547,0.5586339531354453,0.6166874291229258,0.04716899872828453,0.059758276089167964,0.004183424201702262,0.0011823181933223296,0.6932146808549795,0.6932146808549795,0.0028874506341710526,0.0005367256227438144,0.6932146808549795,0.0004421843624222065
273,0.3896520864996091,0.3896520864996091,0.3896520864996091,0.3896520864996091,0.3896520864996091,0.390202170863294,0.2303464863961374,0.9792094022800963,0.24949450226699427,0.615999889058507,0.4960803652464151,0.5467130684570505,0.1096617012867306,1.1000535964616176,0.3761656125675178,0.36138651425143004,1.1000535964616176,0.5896692927102386
274,0.3136350307160642,0.3136350307160642,0.3136350307160642,0.3136350307160642,0.3136350307160642,0.31880216833010816,8.164436055629224,6.862217340410908,1.403046491629344,1.4707384259727494,0.9799343844846111,0.5813037648424105,8.875757421519674,8.875757421519674,0.2663498182490458,0.3958726626260993,8.875757421519674,0.3333590102884513
275,0.46051526725527825,0.4363086726052446,0.4420016391110705,0.43890047118250336,0.44445191430083053,0.4492728864752941,0.9414061612344887,0.3472697179995325,0.5518550280342985,0.40045487781795924,0.5220076209349921,0.42444448405010227,0.08498983592141478,0.08498983592141478,0.4400131664855797,0.5040524470169185,0.08498983592141478,0.3554203637267169
276,0.6174827325808117,0.6721537714897008,0.6293937183623745,0.6566783050747012,0.6424844856534888,0.6544077006835111,0.32763793930817103,3.5125197834141635,0.553187100558905,1.135652918993708,0.4795940214364153,0.5210949138347306,0.2552963776076679,4.360981207993565,0.6278681088741203,0.72031879410207,4.360981207993565,0.4412243429940807
277,0.14319554415458058,0.1693863073576142,0.15022744535720972,0.1685134616677191,0.15544015990776663,0.16459584040566916,0.9479197557858368,0.6822779338339345,0.00019176273765489138,0.2852261310574575,0.022482463593465212,0.26268649342725403,1.334642820351969,1.2353117891692555,0.1469211692448255,0.159700742597198,0.11724383709102279,0.28798832496936166
278,0.0002996066919260845,0.00024057523523732753,0.0002268335169523995,3.7375990015274445e-05,0.0011914781112335809,6.999847363325016e-07,0.11078255311414582,0.0006855153779155139,0.054776740783665914,0.00023721609468644814,0.03445958925198151,0.006650795469380849,0.4430025074729295,0.3054606517143212,0.00024080936647944714,0.0047833958286831076,0.9350681373360207,0.0024967607026001857
279,0.023135773138671125,0.02706866545456322,0.025429181017059974,0.025929178455097443,0.03830429539675127,0.035756330485439976,0.016701183953332706,0.002732641187190355,0.00302878146089847,0.0021540117306106544,1.1105894289438346e-05,0.0008846687149831011,0.09384581877263577,0.09384581877263577,0.05267591659166307,0.01188080194954899,0.09384581877263577,0.0166318936604757
280,0.00321207134792168,0.0043859784625070765,0.0033959349613728418,0.0033357993753260927,0.0044523689873958135,0.0034751222098205084,0.1877134139015629,0.2761735275653403,0.020805708366590115,0.02481361622170923,0.003633322033567356,0.0036572065393764256,0.3142859042793229,0.3142859042793229,0.005010637612897836,0.0006791784306688872,0.2996588058657645,0.005821974861180712
281,0.159992908223894,0.16035867469030127,0.16754252630799898,0.16851666086036468,0.17405416187892897,0.1991753473050541,0.2084903478754639,0.19715646541938217,0.002728994655173829,0.0025293832534705974,0.054374030487602865,0.060753216997325436,0.6509543720268007,0.6509543720268007,0.21434602579235526,0.3192769020760158,0.6509543720268007,0.032677609898105864
282,0.27588864294562077,0.2809044855173423,0.2749257482308307,0.2781983073827917,0.27209426941324155,0.29009770749285585,0.8011174549285777,0.9135953652750931,0.247025046050095,0.2830478646073057,0.12745559056423758,0.10323229491715391,0.7472519841430353,0.9433983143944804,0.32143618994110296,0.1904041770542194,0.9433983143944804,0.029381950658754336
283,0.15684892526038152,0.1533816558446809,0.16116698529050788,0.1601666750773513,0.16279142334960262,0.1558125735740962,0.706298163778337,0.01701622848901954,0.16982427852487159,0.041229218352392336,0.2358579519479645,0.008330558129809932,0.8214857917348827,0.000669014566206377,0.2023869198684042,0.13745834071320592,0.000669014566206377,0.005400089826416888
284,1.1234512772247578,1.1209237958471274,1.1234512772247578,1.1212270399847166,1.1234512772247578,1.1248437668798088,0.3142252395246807,0.2694527774446661,0.2741601264217472,0.6413536902754052,0.5904828153748249,0.7820700537931848,3.317934743824956,0.23232112557626547,1.187958614582806,1.1070908551098697,0.23232112557626547,0.8247247710090253
285,0.41691136197209183,0.4210509946505449,0.42012723260343854,0.41846907289735874,0.4184446278898411,0.4206897253359554,0.16637900472587794,0.030910806749273285,0.2569976294800599,0.22788030250902386,0.27485217463972306,0.36443255163453164,0.02214216261409634,0.02214216261409634,0.4231843793098509,0.32817943648337017,0.02214216261409634,0.4005765906258228
286,0.0003474876118779312,0.0004107453510929086,0.0004347306630369484,0.0004014017394069833,0.000319074002795,0.00030732996348553973,0.22904367495398525,0.6553544664708553,0.04338481338855207,0.02894103770789622,0.004398361934319685,0.002349746882369967,0.9314589185588437,0.9314589185588437,9.256285076640559e-05,0.0012075582266215254,0.9314589185588437,3.0168615995451933e-05
287,0.004726883137731177,0.007763513894417706,0.004630797441839718,0.006185293005240488,0.006609271183662898,0.006252006944303801,0.9460266560799335,3.4522173454938074,0.1711443737511774,0.334980083537928,0.037475381965310244,0.03841593228815679,3.763650960119848,3.763650960119848,0.009260552949757197,0.02287826728021384,3.763650960119848,0.03167612380629064
288,0.11796312491521489,0.12631236916578503,0.11867623969642407,0.12153192336492574,0.12129042526461964,0.12083759226092398,0.01689191888268692,0.5348424391263304,0.005944333756841849,0.10518827344659656,0.043889670161693574,0.03753548629863912,0.7170045551133913,0.7170045551133913,0.13703777117771357,0.1511188109441315,0.7170045551133913,0.018469387685465393
289,0.15209033187162965,0.15331532509724044,0.15871505670261035,0.1586498348885991,0.15229839290363356,0.1481837819569047,1.848790120538814,2.7939584373690356,0.5132961598477238,0.5194799798190433,0.1580622296879609,0.14217988921693717,3.2582642315363746,3.2582642315363746,0.18191285101122762,0.13265448967382876,3.2582642315363746,0.02673570219019626
290,0.34365398957017224,0.3445951242345527,0.3420544056455038,0.3417327483392857,0.3407286187196176,0.3407286187196176,1.2776862293031628,1.8289652740554379,0.5830622016923266,0.4761311887898984,0.3479981392304674,0.18846426976672323,2.7667207174529715,2.7667207174529715,0.3523948150737614,0.3335150565768144,0.18150670730060509,0.19153729583017515
291,0.0004057513516046489,0.0004057513516046489,0.0004057513516046489,0.0004057513516046489,0.0004057513516046489,0.0004057513516046489,0.07707252311021753,0.02074804300478504,0.024039348988612912,0.011736102647928058,0.006319867078224219,0.011915408495296532,0.014093266926331591,0.017415106632227964,0.0007457062982416731,7.627129169001311e-05,0.017415106632227964,7.286330786209585e-05
292,1.0748199248425827,1.0748199248425827,1.0748199248425827,1.0748199248425827,1.0748199248425827,1.0748199248425827,0.033858869474175296,0.029790035589752777,0.40468073631707835,0.39188030778429567,0.7037696642821705,0.686284669072187,0.02164012662019394,0.02164012662019394,1.0973869367151656,1.005541222791345,0.02164012662019394,0.9446693578552213
293,2.279740249048595,2.279740249048595,2.279740249048595,2.279740249048595,2.2820877069905974,2.279740249048595,4.154668587934208,3.4406578513205885,3.110386599220601,2.932182998967076,3.0771064907662153,2.9514855586939515,2.4791586447942473,2.4791586447942473,2.2907688247401063,2.312460821563252,2.4791586447942473,2.407411936749419
294,0.003223282194562156,0.0029771720847370153,0.0029771720847370153,0.0029771720847370153,0.0029771720847370153,0.0029771720847370153,0.3663654135555811,0.04306513184695567,0.05088450522002512,0.001541881037738805,0.15285161912944914,0.00019495232989914422,1.9740678907862075,0.14945021464018482,0.0038920592683023927,0.0003422690126051721,0.14945021464018482,0.0023529693320273894
295,0.5836376215819346,0.5836376215819346,0.5836376215819346,0.5836376215819346,0.5836376215819346,0.5836376215819346,0.3648487831919047,0.3489316338927984,0.45776298111882413,0.4530849534599932,0.5450830791618605,0.5263448794660378,0.26093420515986115,0.26093420515986115,0.6155312355388126,0.5109982641187183,0.26093420515986115,0.4168850269108681
296,0.007134546896297058,0.007134546896297058,0.007134546896297058,0.007134546896297058,0.007060698688793787,0.007054588828462638,0.01048602023647381,0.35283828694328445,0.003014827099353282,0.03370659798819471,0.0005523786880353723,0.0008581305981851073,0.37500606415671106,0.37500606415671106,0.0081240896390829,0.021216511271212844,0.37500606415671106,0.0026794551113552873
297,0.25202295158328264,0.25202295158328264,0.25202295158328264,0.25202295158328264,0.25202295158328264,0.2524288709810106,1.0374985925874887,1.7221666766833645,0.5079091595227231,0.5470815610011756,0.3256500978996161,0.28297246099632606,2.0130531264347185,2.0130531264347185,0.2595071535884469,0.2073011778226732,2.0130531264347185,0.19796552247603305
298,0.040561608303889087,0.040561608303889087,0.040561608303889087,0.040561608303889087,0.040561608303889087,0.040561608303889087,1.9814156365452968,3.823653818613658,0.6553172086187316,0.7454635141588144,0.2693992616514437,0.23018211020595117,4.68810469759266,4.68810469759266,0.041857104973571306,0.008364513777277668,1.0394412375312807,0.00883176043676433
299,0.02342897595268754,0.02342897595268754,0.02342897595268754,0.02342897595268754,0.02342897595268754,0.02342897595268754,0.007763083526269975,0.158264905610788,0.000399274696556392,0.0016329517903774355,0.007657414523392445,0.012287524959391739,0.2805974806480063,0.2805974806480063,0.02547632254541668,0.03314443725872012,0.2805974806480063,0.009619117854777735
