method,oos_period,herfindahl,effective_n,turnover
full_gcsr_eigenvector,20,0.7878862303047188,1.2692187799921888,
full_gcsr_eigenvector,21,0.7847206314759565,1.2743388664563735,0.0020916993723284418
full_gcsr_eigenvector,22,0.5450778805841804,1.8346002206661964,0.22717691521415398
full_gcsr_eigenvector,23,0.7271944010811354,1.3751481014062796,0.1869120931054574
full_gcsr_eigenvector,24,0.3673494443281352,2.722203654966602,0.3622143780290983
full_gcsr_eigenvector,25,0.5081784217383044,1.9678127941350645,0.18405625893982658
full_gcsr_eigenvector,26,0.4320513443104048,2.314539725819151,0.1649381441959567
full_gcsr_eigenvector,27,0.3931915574993873,2.543289602553479,0.06104082661490019
full_gcsr_eigenvector,28,0.5101358426974624,1.9602621817597967,0.27647483649894505
full_gcsr_eigenvector,29,0.4561773885572539,2.1921296957805967,0.19266643608825518
full_gcsr_eigenvector,30,0.44576179565131346,2.2433506185492536,0.1270752269109885
full_gcsr_eigenvector,31,0.5066065035076567,1.973918599694578,0.12205305086828769
full_gcsr_eigenvector,32,0.48568275935845495,2.0589571705631755,0.019236742902206602
full_gcsr_eigenvector,33,0.571526448039077,1.7497003042134402,0.08394939611852781
full_gcsr_eigenvector,34,0.4474019797266966,2.2351264529738284,0.11835897838028489
full_gcsr_eigenvector,35,0.5540334433599174,1.8049451923615534,0.13582348782121773
full_gcsr_eigenvector,36,0.580476062367252,1.7227239240872023,0.051840982274619536
full_gcsr_eigenvector,37,0.46073436965950976,2.1704480191894873,0.10926386278175645
full_gcsr_eigenvector,38,0.4809858388644027,2.0790632887674585,0.23546342188658534
full_gcsr_eigenvector,39,0.38505635704884605,2.5970224402064495,0.16779748521371565
full_gcsr_eigenvector,40,0.25002320034821246,3.999628828873798,0.35094361012436515
full_gcsr_eigenvector,41,0.3179151393310526,3.1454934864195825,0.2152678082708844
full_gcsr_eigenvector,42,0.6802991584779386,1.469941550769137,0.44995235126930816
full_gcsr_eigenvector,43,0.9999999999979996,1.0000000000020004,0.1901824845672648
full_gcsr_eigenvector,44,0.7578079465473073,1.3195955578932075,0.14091694940775681
full_gcsr_eigenvector,45,0.9999999999979998,1.0000000000020002,0.8593437140081697
full_gcsr_eigenvector,46,0.30560063300044177,3.2722445309809105,0.5466011211301447
full_gcsr_eigenvector,47,0.3167870780133845,3.1566944152871956,0.13164636482639583
full_gcsr_eigenvector,48,0.5953595754658907,1.6796572041651692,0.44623469599423854
full_gcsr_eigenvector,49,0.5926664400162601,1.6872897341252602,0.008263145476846034
full_gcsr_eigenvector,50,0.38308636166639626,2.6103774502701604,0.3727525773292237
full_gcsr_v2_eigenvector,20,0.7875608712734241,1.269743122691048,
full_gcsr_v2_eigenvector,21,0.7823598015969511,1.2781842803768833,0.003444768111915587
full_gcsr_v2_eigenvector,22,0.733502054049636,1.363322698933206,0.034050645159530275
full_gcsr_v2_eigenvector,23,0.7256365675507307,1.3781003393686992,0.005804163189346167
full_gcsr_v2_eigenvector,24,0.431835666864306,2.3156957072613134,0.3147235798813377
full_gcsr_v2_eigenvector,25,0.7391739328836044,1.3528615600646012,0.3246527339839326
full_gcsr_v2_eigenvector,26,0.4320513443104048,2.314539725819151,0.44680469132337
full_gcsr_v2_eigenvector,27,0.3808641812980224,2.625607891484839,0.07356395864310514
full_gcsr_v2_eigenvector,28,0.38975775561983067,2.56569621920596,0.04999853447700162
full_gcsr_v2_eigenvector,29,0.751258304413463,1.33110009450177,0.5020761867432345
full_gcsr_v2_eigenvector,30,0.44576179565131346,2.2433506185492536,0.39571773992129006
full_gcsr_v2_eigenvector,31,0.5066065035076567,1.973918599694578,0.12205305086828769
full_gcsr_v2_eigenvector,32,0.48568275935845495,2.0589571705631755,0.019236742902206602
full_gcsr_v2_eigenvector,33,0.49188068443657457,2.0330133539304382,0.03240604231780378
full_gcsr_v2_eigenvector,34,0.42824706134355944,2.335100670306186,0.15083685558302945
full_gcsr_v2_eigenvector,35,0.5457013798930594,1.8325040706255296,0.12958395150871402
full_gcsr_v2_eigenvector,36,0.580476062367252,1.7227239240872023,0.15404227117323627
full_gcsr_v2_eigenvector,37,0.46073436965950976,2.1704480191894873,0.10926386278175645
full_gcsr_v2_eigenvector,38,0.43970444602880243,2.274254920621148,0.0682472600127422
full_gcsr_v2_eigenvector,39,0.3623102517749308,2.7600654276302556,0.2115398826794882
full_gcsr_v2_eigenvector,40,0.25002320034821246,3.999628828873798,0.24884407494738348
full_gcsr_v2_eigenvector,41,0.5566135074689228,1.7965787509312872,0.4510224283891923
full_gcsr_v2_eigenvector,42,0.5239652372094271,1.9085235603145623,0.6574876181668207
full_gcsr_v2_eigenvector,43,0.9999999999979994,1.0000000000020006,0.3087776869190316
full_gcsr_v2_eigenvector,44,0.8129653837855668,1.2300646742712562,0.10328868918022444
full_gcsr_v2_eigenvector,45,0.4457752453723901,2.243282933229331,0.3212039682755864
full_gcsr_v2_eigenvector,46,0.47531743408623683,2.103857187402409,0.09325947544640553
full_gcsr_v2_eigenvector,47,0.6030474008346067,1.6582444408449784,0.5838833104328829
full_gcsr_v2_eigenvector,48,0.9308712341853406,1.0742624363885924,0.25184117489316565
full_gcsr_v2_eigenvector,49,0.36703423408269475,2.724541492700909,0.5148799623655109
full_gcsr_v2_eigenvector,50,0.7080273218640601,1.4123748746972762,0.3729138381904254
full_gcsr_pagerank,20,0.6962251675061036,1.4363169369214641,
full_gcsr_pagerank,21,0.6884220478247547,1.4525972884798728,0.030536592128803153
full_gcsr_pagerank,22,0.6019602459397587,1.6612392707741621,0.08115036042301478
full_gcsr_pagerank,23,0.6445270134862201,1.5515253497150432,0.04303094164877451
full_gcsr_pagerank,24,0.40776468122846954,2.4523948395611597,0.25813941240478905
full_gcsr_pagerank,25,0.5081784217383044,1.9678127941350645,0.11462595811759753
full_gcsr_pagerank,26,0.4320513443104048,2.314539725819151,0.1649381441959567
full_gcsr_pagerank,27,0.5008858135901629,1.996463011863667,0.10872679178805651
full_gcsr_pagerank,28,0.63312924798346,1.5794563324708768,0.4271091685687193
full_gcsr_pagerank,29,0.4924325948971048,2.0307347855577125,0.3399875205871937
full_gcsr_pagerank,30,0.4602069420466371,2.1729354962634626,0.1657665689261783
full_gcsr_pagerank,31,0.5066065035076567,1.973918599694578,0.12390645672136495
full_gcsr_pagerank,32,0.48568275935845495,2.0589571705631755,0.019236742902206602
full_gcsr_pagerank,33,0.49188068443657457,2.0330133539304382,0.03240604231780378
full_gcsr_pagerank,34,0.4474019797266966,2.2351264529738284,0.047519855557312876
full_gcsr_pagerank,35,0.5540334433599174,1.8049451923615534,0.13582348782121773
full_gcsr_pagerank,36,0.580476062367252,1.7227239240872023,0.051840982274619536
full_gcsr_pagerank,37,0.46073436965950976,2.1704480191894873,0.10926386278175645
full_gcsr_pagerank,38,0.4761086074436027,2.1003611032561613,0.1819478824318088
full_gcsr_pagerank,39,0.36736636122416105,2.72207829989588,0.1938836401347242
full_gcsr_pagerank,40,0.25002320034821246,3.999628828873798,0.3084735431652761
full_gcsr_pagerank,41,0.33892434075821726,2.9505110130563996,0.24610050378612205
full_gcsr_pagerank,42,0.6221035265929364,1.6074494955472807,0.5462392539433115
full_gcsr_pagerank,43,0.9999999999979994,1.0000000000020006,0.23003214028254093
full_gcsr_pagerank,44,0.969653202473833,1.0312965475169313,0.015410894429206918
full_gcsr_pagerank,45,0.4236310228555677,2.3605447808314524,0.67752667645983
full_gcsr_pagerank,46,0.30560063300044177,3.2722445309809105,0.23756225240584805
full_gcsr_pagerank,47,0.3590200475095975,2.7853597784766255,0.20809531303014384
full_gcsr_pagerank,48,0.537015296586858,1.8621443492499434,0.25448717732045434
full_gcsr_pagerank,49,0.5413246815087737,1.8473201650676854,0.0378437934170741
full_gcsr_pagerank,50,0.38308636166639626,2.6103774502701604,0.3091932614111025
full_gcsr_v2_pagerank,20,0.6907346203212579,1.4477340075047984,
full_gcsr_v2_pagerank,21,0.6957972260850454,1.437200325771021,0.020936119886192844
full_gcsr_v2_pagerank,22,0.649550398695959,1.5395264201324572,0.04134078854385582
full_gcsr_v2_pagerank,23,0.6456354757528682,1.5488616062088463,0.003602923047761196
full_gcsr_v2_pagerank,24,0.43810511040189476,2.2825572591076426,0.23062411188780116
full_gcsr_v2_pagerank,25,0.7432026893516039,1.3455279620589573,0.37389021666683936
full_gcsr_v2_pagerank,26,0.5647252639546538,1.7707725576100626,0.1688176735477018
full_gcsr_v2_pagerank,27,0.5462411519460318,1.8306932687832336,0.02784165353987848
full_gcsr_v2_pagerank,28,0.5485461361520959,1.823000717888074,0.003743648095855219
full_gcsr_v2_pagerank,29,0.4020657483621373,2.4871554069791295,0.41906958345110573
full_gcsr_v2_pagerank,30,0.42966375139553836,2.3274013615345073,0.11409916604079398
full_gcsr_v2_pagerank,31,0.5121727464677843,1.9524662467820317,0.10273834650515662
full_gcsr_v2_pagerank,32,0.48568275935845495,2.0589571705631755,0.034517229987598305
full_gcsr_v2_pagerank,33,0.49188068443657457,2.0330133539304382,0.03240604231780378
full_gcsr_v2_pagerank,34,0.4449746393498254,2.2473190864565895,0.10733978164835589
full_gcsr_v2_pagerank,35,0.5359581989314548,1.865817151400445,0.11086800579387358
full_gcsr_v2_pagerank,36,0.580476062367252,1.7227239240872023,0.11140640465108259
full_gcsr_v2_pagerank,37,0.46073436965950976,2.1704480191894873,0.10926386278175645
full_gcsr_v2_pagerank,38,0.43970444602880243,2.274254920621148,0.0682472600127422
full_gcsr_v2_pagerank,39,0.33969074379762454,2.943854132792514,0.14254037389931948
full_gcsr_v2_pagerank,40,0.25002320034821246,3.999628828873798,0.24086961698512155
full_gcsr_v2_pagerank,41,0.5404098202728767,1.8504474983357189,0.49670009653665237
full_gcsr_v2_pagerank,42,0.5575627196400846,1.793520199208289,0.6399757401761004
full_gcsr_v2_pagerank,43,0.8719300173540477,1.146881034139176,0.21797864663499222
full_gcsr_v2_pagerank,44,0.9999999999979994,1.0000000000020006,0.0687633959437634
full_gcsr_v2_pagerank,45,0.38234404823217427,2.615445446643283,0.5198290739141183
full_gcsr_v2_pagerank,46,0.4906170927421021,2.0382494103719706,0.1585194198389101
full_gcsr_v2_pagerank,47,0.5021704556500226,1.9913557015328067,0.5117745070409652
full_gcsr_v2_pagerank,48,0.4351219205479424,2.2982064400265454,0.26974543391146055
full_gcsr_v2_pagerank,49,0.380681046359119,2.626870997555893,0.16316326784191598
full_gcsr_v2_pagerank,50,0.6256735888737739,1.598277468927563,0.28803364251899305
full_gcsr_softmax,20,0.751877850181899,1.3300032708212826,
full_gcsr_softmax,21,0.6943790662750094,1.4401355809363485,0.04196072047042881
full_gcsr_softmax,22,0.6305137378663797,1.5860082658689396,0.06392643582016878
full_gcsr_softmax,23,0.6172635681448507,1.6200534935269888,0.008908730572545015
full_gcsr_softmax,24,0.41258574831211764,2.4237385903196746,0.24913940882642516
full_gcsr_softmax,25,0.5081784217383044,1.9678127941350645,0.10331326681760575
full_gcsr_softmax,26,0.4320513443104048,2.314539725819151,0.1649381441959567
full_gcsr_softmax,27,0.46549443169315835,2.148253409525581,0.07384291508139298
full_gcsr_softmax,28,0.46817978639661567,2.1359315994750276,0.17708860143159766
full_gcsr_softmax,29,0.502567317622818,1.989783189106042,0.08443314449361657
full_gcsr_softmax,30,0.44576179565131346,2.2433506185492536,0.14011044468068462
full_gcsr_softmax,31,0.5066065035076567,1.973918599694578,0.12205305086828769
full_gcsr_softmax,32,0.48568275935845495,2.0589571705631755,0.019236742902206602
full_gcsr_softmax,33,0.577185861382565,1.7325441714816872,0.09284794041934404
full_gcsr_softmax,34,0.4474019797266966,2.2351264529738284,0.12725752268110113
full_gcsr_softmax,35,0.5540334433599174,1.8049451923615534,0.13582348782121773
full_gcsr_softmax,36,0.580476062367252,1.7227239240872023,0.051840982274619536
full_gcsr_softmax,37,0.46073436965950976,2.1704480191894873,0.10926386278175645
full_gcsr_softmax,38,0.7160271320162187,1.3965951222883954,0.18611683188167508
full_gcsr_softmax,39,0.3640530892316803,2.7468521201412153,0.3521958416206445
full_gcsr_softmax,40,0.25002320034821246,3.999628828873798,0.2558646776240473
full_gcsr_softmax,41,0.3179151393310526,3.1454934864195825,0.2152678082708844
full_gcsr_softmax,42,0.6542635905492247,1.5284359613539633,0.4362145417303827
full_gcsr_softmax,43,0.9999999999979998,1.0000000000020002,0.2074407043887705
full_gcsr_softmax,44,0.40611094678803816,2.4623812973008357,0.7096138142501618
full_gcsr_softmax,45,0.31980380574569056,3.126917134923668,0.15560230186860385
full_gcsr_softmax,46,0.6002849573631631,1.6658754941863643,0.44574975170042386
full_gcsr_softmax,47,0.3167870780133845,3.1566944152871956,0.29577489907806226
full_gcsr_softmax,48,0.5786613469054074,1.728126485979835,0.42731826519904215
full_gcsr_softmax,49,0.597841941706808,1.6726829120503848,0.019767374507477432
full_gcsr_softmax,50,0.38308636166639626,2.6103774502701604,0.3783546312695946
full_gcsr_v2_softmax,20,0.7829447306680347,1.2772293634912983,
full_gcsr_v2_softmax,21,0.7113414192274337,1.4057947041605838,0.04968503928384873
full_gcsr_v2_softmax,22,0.6668955864415511,1.499485107310188,0.042885822310526296
full_gcsr_v2_softmax,23,0.6491951042110294,1.5403689792382305,0.01574779245786637
full_gcsr_v2_softmax,24,0.43144797325623474,2.317776561685469,0.25220236727685225
full_gcsr_v2_softmax,25,0.6916057259238559,1.4459105275107245,0.28859721850914954
full_gcsr_v2_softmax,26,0.46795848147934105,2.136941715082788,0.3470717284634294
full_gcsr_v2_softmax,27,0.5971425635987805,1.6746419715475165,0.5028899665641676
full_gcsr_v2_softmax,28,0.48306004855267476,2.0701360068922283,0.1904987403246347
full_gcsr_v2_softmax,29,0.6070541094333518,1.6472996137583837,0.24766396134835772
full_gcsr_v2_softmax,30,0.5473047319672614,1.8271356734036386,0.06687842974027437
full_gcsr_v2_softmax,31,0.5066065035076567,1.973918599694578,0.10325426041215287
full_gcsr_v2_softmax,32,0.48568275935845495,2.0589571705631755,0.019236742902206602
full_gcsr_v2_softmax,33,0.49188068443657457,2.0330133539304382,0.03240604231780378
full_gcsr_v2_softmax,34,0.4282331448448354,2.3351765551971386,0.10741040148029182
full_gcsr_v2_softmax,35,0.5515754070816308,1.8129887358302839,0.11306772456312636
full_gcsr_v2_softmax,36,0.580476062367252,1.7227239240872023,0.04837176468309056
full_gcsr_v2_softmax,37,0.5382851794069674,1.8577513152075023,0.036651378537247634
full_gcsr_v2_softmax,38,0.42899867219450977,2.3310095457512183,0.19222720161195128
full_gcsr_v2_softmax,39,0.6466931727377659,1.5463283704797979,0.19309029300030037
full_gcsr_v2_softmax,40,0.25002320034821246,3.999628828873798,0.5248781395806678
full_gcsr_v2_softmax,41,0.3179151393310526,3.1454934864195825,0.2152678082708844
full_gcsr_v2_softmax,42,0.5239652372094271,1.9085235603145623,0.3773792563836036
full_gcsr_v2_softmax,43,0.9999999999979996,1.0000000000020004,0.3087776869190318
full_gcsr_v2_softmax,44,0.9999999999979989,1.000000000002001,4.093947403302835e-16
full_gcsr_v2_softmax,45,0.4109775490922971,2.43322293932757,0.46795437677478385
full_gcsr_v2_softmax,46,0.8179334889179708,1.2225932958471741,0.5687751129873821
full_gcsr_v2_softmax,47,0.9999999999979998,1.0000000000020002,0.10129366137483559
full_gcsr_v2_softmax,48,0.3670624854314804,2.72433179551025,0.5429345043882841
full_gcsr_v2_softmax,49,0.5306386595584657,1.884521570350869,0.23649734589660534
full_gcsr_v2_softmax,50,0.6209868719370827,1.6103400010384088,0.1167673900572194
graph_only_eigenvector,20,0.9998896294539671,1.000110382729035,
graph_only_eigenvector,21,0.9999006178729513,1.0000993920048376,4.5172584101528755e-05
graph_only_eigenvector,22,0.9998416711973259,1.0001583538746535,0.9999148341207532
graph_only_eigenvector,23,0.9970086007143557,1.0030003746040916,0.99942176485922
graph_only_eigenvector,24,0.9507343102797177,1.0518185671723446,0.9985488304846591
graph_only_eigenvector,25,0.9965054767219018,1.003506777794733,0.9983807587243416
graph_only_eigenvector,26,0.999557489843422,1.0004427060585053,0.0015279977554963386
graph_only_eigenvector,27,0.9189490781418301,1.08819957904747,0.04231235236148958
graph_only_eigenvector,28,0.9978025609321158,1.0022022784405678,0.9565900126475044
graph_only_eigenvector,29,0.9964701390176514,1.0035423650384832,0.9971325153185632
graph_only_eigenvector,30,0.5095141945525477,1.9626538586980762,0.8136166789044954
graph_only_eigenvector,31,0.9843729499068176,1.015875131569454,0.8066088947997325
graph_only_eigenvector,32,0.9660479160517087,1.0351453415344607,0.9919147873522809
graph_only_eigenvector,33,0.780866499992674,1.2806286349963558,0.9996169920987107
graph_only_eigenvector,34,0.9981759741151149,1.001827359035066,0.9994986210508898
graph_only_eigenvector,35,0.9181048025322068,1.0892002713000952,0.04243119543296406
graph_only_eigenvector,36,0.9997858185960573,1.000214227287444,0.04276701630876417
graph_only_eigenvector,37,0.9802302530668934,1.0201684725310733,0.00995116112051758
graph_only_eigenvector,38,0.9998598840690275,1.0001401355661979,0.9900110579480368
graph_only_eigenvector,39,0.997225939996584,1.0027817768192286,0.0013187836308690007
graph_only_eigenvector,40,0.4838510188331812,2.0667518741854156,0.8477065451426544
graph_only_eigenvector,41,0.5715493047910459,1.7496303321820894,0.7995764751424386
graph_only_eigenvector,42,0.99911532502489,1.0008854583179254,0.3102548113192162
graph_only_eigenvector,43,0.8423999204339861,1.187084632539877,0.08472041096770813
graph_only_eigenvector,44,0.8788105802868417,1.1379016393653367,0.0753834046192923
graph_only_eigenvector,45,0.6904466459067397,1.4483378345429352,0.801969835282341
graph_only_eigenvector,46,0.5144307726569847,1.943896153091888,0.689514943891619
graph_only_eigenvector,47,0.9929493093985255,1.0071007558338958,0.30666567375607684
graph_only_eigenvector,48,0.9999767415052326,1.0000232590357376,0.003523389016553149
graph_only_eigenvector,49,0.9796509149423651,1.020771771604819,0.010265509448993366
graph_only_eigenvector,50,0.9845221855372946,1.0157211434034454,0.9995339249424033
graph_only_v2_eigenvector,20,0.9949111572074149,1.0051148715699088,
graph_only_v2_eigenvector,21,0.9659170183561193,1.0352856208102494,0.01478263144359146
graph_only_v2_eigenvector,22,0.971965375775696,1.0288432334350701,0.004231844657600459
graph_only_v2_eigenvector,23,0.9739684938600677,1.026727256891815,0.001021251584979693
graph_only_v2_eigenvector,24,0.2537778776756891,3.9404537903730605,0.7654896158745047
graph_only_v2_eigenvector,25,0.34211079214573537,2.9230296820744877,0.28667555568895997
graph_only_v2_eigenvector,26,0.25989957109296974,3.847640054943707,0.32474703933519833
graph_only_v2_eigenvector,27,0.4970181406240659,2.011998996142032,0.45930931960065324
graph_only_v2_eigenvector,28,0.34968669475797676,2.8597027424566854,0.2113079241833401
graph_only_v2_eigenvector,29,0.44788225556484756,2.2327296685126496,0.4343921939335957
graph_only_v2_eigenvector,30,0.4143870717609765,2.4132026989896347,0.27050441088313715
graph_only_v2_eigenvector,31,0.3292047563234905,3.0376231837226486,0.28350169748674414
graph_only_v2_eigenvector,32,0.9836973789636297,1.0165728011327486,0.5495212778767344
graph_only_v2_eigenvector,33,0.9470297505817005,1.055933036301936,0.01901648065015752
graph_only_v2_eigenvector,34,0.9788737821665178,1.0215821674033645,0.963221191899236
graph_only_v2_eigenvector,35,0.9822574658159374,1.0180630178965595,0.0018588556843358553
graph_only_v2_eigenvector,36,0.6054658764946128,1.6516207416833633,0.9370232944554722
graph_only_v2_eigenvector,37,0.89430753603348,1.1181835774696671,0.18243344404233358
graph_only_v2_eigenvector,38,0.35824877700671803,2.791356353970882,0.48801384249504015
graph_only_v2_eigenvector,39,0.6795145485929837,1.471638836976515,0.487774105914242
graph_only_v2_eigenvector,40,0.9672080354408684,1.0339037346233217,0.1989663651378212
graph_only_v2_eigenvector,41,0.7182794775443901,1.3922157478572807,0.9952618112707187
graph_only_v2_eigenvector,42,0.5357329087062329,1.8666017781415518,0.8703418558648506
graph_only_v2_eigenvector,43,0.5620004062761649,1.7793581442868278,0.7092219405772311
graph_only_v2_eigenvector,44,0.9451277090558364,1.0580580702675408,0.23921521590375658
graph_only_v2_eigenvector,45,0.9498377685023305,1.052811367542021,0.0024847995503512283
graph_only_v2_eigenvector,46,0.7009413428343068,1.4266529007354996,0.18182646178486744
graph_only_v2_eigenvector,47,0.424030188221739,2.3583226566809152,0.7700058418163507
graph_only_v2_eigenvector,48,0.5007334499372551,1.9970704975377738,0.33496284153592204
graph_only_v2_eigenvector,49,0.9855254501301207,1.014687139604531,0.9849640145368037
graph_only_v2_eigenvector,50,0.9662277133922037,1.0349527198813513,0.980280358482631
graph_only_pagerank,20,0.36367050630579756,2.7497418203035022,
graph_only_pagerank,21,0.3079551380820215,3.247226223365228,0.11569005641182363
graph_only_pagerank,22,0.32399786771439054,3.0864400653448634,0.2307859301199816
graph_only_pagerank,23,0.31671283471837486,3.157434402332362,0.295169860023038
graph_only_pagerank,24,0.3145132424938101,3.1795163601725958,0.29825427422279216
graph_only_pagerank,25,0.3167128347183749,3.157434402332361,0.2982048602105959
graph_only_pagerank,26,0.31220059386799814,3.20306885906441,0.012218750590563363
graph_only_pagerank,27,0.29838761026738303,3.3513455840338247,0.06417753679286724
graph_only_pagerank,28,0.30064489395254473,3.3261832151982094,0.2062398418304063
graph_only_pagerank,29,0.29499282844313957,3.3899129184855825,0.1936066789815224
graph_only_pagerank,30,0.2580344009584066,3.875452250884925,0.19229585332151755
graph_only_pagerank,31,0.3272531011670498,3.0557388041054483,0.2574449514401738
graph_only_pagerank,32,0.31173469455344693,3.207855966858222,0.33870639979200723
graph_only_pagerank,33,0.3046107331821618,3.2828784119106693,0.346962791628019
graph_only_pagerank,34,0.312806047994554,3.196869134759856,0.31300597180200307
graph_only_pagerank,35,0.2919034026429326,3.425790829931634,0.12171717288928532
graph_only_pagerank,36,0.29324363688683186,3.410133671155901,0.12920056393888887
graph_only_pagerank,37,0.29644780020856143,3.3732751577055553,0.10817097876694556
graph_only_pagerank,38,0.3262870836371016,3.0647857366986853,0.2823343253059351
graph_only_pagerank,39,0.30569824263243206,3.271199701342046,0.0705355022864426
graph_only_pagerank,40,0.30772031220856294,3.2497042292165363,0.2828878053035494
graph_only_pagerank,41,0.30817107134468535,3.2449509152061613,0.4095310470278857
graph_only_pagerank,42,0.33371511108269414,2.9965679311183524,0.2694599166439374
graph_only_pagerank,43,0.3057930283184882,3.270185738042675,0.13487705926675225
graph_only_pagerank,44,0.32294028941595765,3.0965476677082164,0.11293690175350936
graph_only_pagerank,45,0.2750876114134563,3.635205507299278,0.23889908529197304
graph_only_pagerank,46,0.26988429530882585,3.705291554129558,0.2377144069336247
graph_only_pagerank,47,0.2984870429806585,3.350229175826565,0.19253654064325815
graph_only_pagerank,48,0.3311205521833372,3.0200481166337054,0.07441035778234187
graph_only_pagerank,49,0.3357983337077731,2.977977850450697,0.027440471448053075
graph_only_pagerank,50,0.31028000886211493,3.2228953572203523,0.463615123417386
graph_only_v2_pagerank,20,0.3482055373484988,2.871867023180501,
graph_only_v2_pagerank,21,0.3150602443845822,3.1739961414469597,0.06735022105487415
graph_only_v2_pagerank,22,0.3248787712687454,3.078071232831592,0.0444464338918682
graph_only_v2_pagerank,23,0.3266190179125649,3.0616710759558328,0.027404427619621446
graph_only_v2_pagerank,24,0.26920965815698267,3.714576983775507,0.19529327389305223
graph_only_v2_pagerank,25,0.27322843185434353,3.65994121919601,0.012308455565345544
graph_only_v2_pagerank,26,0.26544505014213843,3.767258042538476,0.07102573681630739
graph_only_v2_pagerank,27,0.3088388690415679,3.2379344060653388,0.12181552779561433
graph_only_v2_pagerank,28,0.3036572559327134,3.2931865794821884,0.009919279748350423
graph_only_v2_pagerank,29,0.31031797182196474,3.2225010821278466,0.02749338403433322
graph_only_v2_pagerank,30,0.3103855940312642,3.2217990113912087,0.002845892804661774
graph_only_v2_pagerank,31,0.2828896720941958,3.5349470081291012,0.055670293441626356
graph_only_v2_pagerank,32,0.31466602036957564,3.1779726289654624,0.17174392339861547
graph_only_v2_pagerank,33,0.29449188171292695,3.3956793449905964,0.05483474418107624
graph_only_v2_pagerank,34,0.32688673578471716,3.0591635894904754,0.22619475128716787
graph_only_v2_pagerank,35,0.33433092222201755,2.9910484897832297,0.020669528390148934
graph_only_v2_pagerank,36,0.3228641642246508,3.097277774389957,0.3584681672723573
graph_only_v2_pagerank,37,0.3162978591866869,3.1615768837998206,0.09753388612456268
graph_only_v2_pagerank,38,0.26778721349277484,3.7343082477945906,0.19274375671766927
graph_only_v2_pagerank,39,0.31168238016154853,3.208394390089323,0.20298629785375838
graph_only_v2_pagerank,40,0.3440487773903425,2.9065646086149126,0.1638538053817276
graph_only_v2_pagerank,41,0.3039953445614558,3.289524059793092,0.4096765092935983
graph_only_v2_pagerank,42,0.29619164135060705,3.37619250644647,0.34973078066214136
graph_only_v2_pagerank,43,0.2530006194464274,3.952559492494638,0.1850539675890718
graph_only_v2_pagerank,44,0.33962638034673387,2.944412030005068,0.2163845621681555
graph_only_v2_pagerank,45,0.34318015099944976,2.9139214406418374,0.013485676718502634
graph_only_v2_pagerank,46,0.3174168229680723,3.1504316332363587,0.12017483445202966
graph_only_v2_pagerank,47,0.29094645825573223,3.4370585089612375,0.2807330546547068
graph_only_v2_pagerank,48,0.2724751113079109,3.6700599742849485,0.19070872431575586
graph_only_v2_pagerank,49,0.3102427300103436,3.2232826212129444,0.2627458256602727
graph_only_v2_pagerank,50,0.3240592202490804,3.0858557248621836,0.2584401449492919
graph_only_softmax,20,0.6633213319392738,1.5075649641425202,
graph_only_softmax,21,0.3100410468277654,3.225379381961389,0.3494085817314
graph_only_softmax,22,0.3090368974666459,3.2358595630411062,0.17275212744931503
graph_only_softmax,23,0.2595614304661809,3.852652523157878,0.17654279870937772
graph_only_softmax,24,0.28906887734504455,3.4593831379721958,0.24091692376441975
graph_only_softmax,25,0.252403013007506,3.9619178395872074,0.146588150804566
graph_only_softmax,26,0.2530191209441303,3.9522704697911433,0.0056608738409600345
graph_only_softmax,27,0.25069524559506184,3.9889069201386476,0.02997507013823493
graph_only_softmax,28,0.2503681141625693,3.9941188331621125,0.014970659868704148
graph_only_softmax,29,0.2535355631482235,3.944219846646815,0.03522249171047802
graph_only_softmax,30,0.25025730519327016,3.9958873497327647,0.06427194171957067
graph_only_softmax,31,0.25013791898399884,3.99779451297014,0.019449487952312258
graph_only_softmax,32,0.2512974695750443,3.979347669879233,0.028671721178411436
graph_only_softmax,33,0.25046374910137525,3.992593752939671,0.0423979283418357
graph_only_softmax,34,0.2654205098963684,3.767606355629575,0.11566604910176741
graph_only_softmax,35,0.2507744313702951,3.9876473631531986,0.07844808733606844
graph_only_softmax,36,0.2546504303246628,3.926951934560114,0.04485226062988383
graph_only_softmax,37,0.2547612485213016,3.9252437558861546,0.07462521433672223
graph_only_softmax,38,0.4084297841279107,2.448401264700185,0.3639783922470361
graph_only_softmax,39,0.25291108972814613,3.9539586859354365,0.3284865584143585
graph_only_softmax,40,0.3033106885782121,3.29694942399677,0.20249977596676322
graph_only_softmax,41,0.3557455994625372,2.8109975260714584,0.3169866342748136
graph_only_softmax,42,0.7952567158790457,1.257455586394689,0.36034330003090215
graph_only_softmax,43,0.9973678421285584,1.0026391044108902,0.11171748925927248
graph_only_softmax,44,0.6365149307664163,1.5710550556856817,0.8331860067894511
graph_only_softmax,45,0.9999997842994066,1.00000021570064,0.9998542771219731
graph_only_softmax,46,0.502276644240996,1.9909346999622635,0.5475688809529183
graph_only_softmax,47,0.9999999999992975,1.0000000000007025,0.5475689888028754
graph_only_softmax,48,0.935199478310865,1.0692905879355024,0.03352412800250806
graph_only_softmax,49,0.9999999787008722,1.0000000212991282,0.03352411735374495
graph_only_softmax,50,0.9901794610223719,1.0099179384790393,0.9999998587781949
graph_only_v2_softmax,20,0.9290059069519633,1.0764194204975144,
graph_only_v2_softmax,21,0.4165924749557743,2.4004274203612552,0.3899911142850578
graph_only_v2_softmax,22,0.41886641256615276,2.387396005025987,0.07268422357301604
graph_only_v2_softmax,23,0.35011486076507886,2.856205525851652,0.08641603738412544
graph_only_v2_softmax,24,0.25214233742026015,3.9660138405603913,0.2814894267844247
graph_only_v2_softmax,25,0.2611497883158591,3.8292200290451928,0.09874806969807112
graph_only_v2_softmax,26,0.2539037530224867,3.9385002706574257,0.05484589961502288
graph_only_v2_softmax,27,0.2549630300072073,3.922137260338222,0.044803576087964855
graph_only_v2_softmax,28,0.2543014387911902,3.9323411017784737,0.018506232791016652
graph_only_v2_softmax,29,0.2540071502708338,3.936897047716,0.02916702247551596
graph_only_v2_softmax,30,0.27035471995911275,3.698844244891436,0.06505915219755563
graph_only_v2_softmax,31,0.2502686267857682,3.995706584733081,0.10982417427372913
graph_only_v2_softmax,32,0.2505801889946537,3.990738469837038,0.007571535511402994
graph_only_v2_softmax,33,0.2512405789858704,3.9802487481778943,0.022807958123707422
graph_only_v2_softmax,34,0.2518211430718356,3.9710724357832636,0.016989470605317025
graph_only_v2_softmax,35,0.25278717961492775,3.9558968200970717,0.011779694123870352
graph_only_v2_softmax,36,0.2514869993324306,3.9763486886180544,0.05606744582708163
graph_only_v2_softmax,37,0.45800525919023954,2.1833810418858848,0.38287003133198183
graph_only_v2_softmax,38,0.25966769836747494,3.851075841496566,0.42948895062768094
graph_only_v2_softmax,39,0.2561031891909121,3.904676092317422,0.10081446123091971
graph_only_v2_softmax,40,0.2504403692176598,3.9929664818969015,0.0639218180005759
graph_only_v2_softmax,41,0.2509047901860384,3.9855755613853763,0.042183399286343196
graph_only_v2_softmax,42,0.7741915523836178,1.2916699968130012,0.6438720774916568
graph_only_v2_softmax,43,0.9970905382851746,1.002917951382659,0.9907367577471087
graph_only_v2_softmax,44,0.4966395292170884,2.0135328365352194,0.326954821386673
graph_only_v2_softmax,45,0.7921333814002566,1.2624136584577423,0.21359560656463472
graph_only_v2_softmax,46,0.4308366574287318,2.3210652639635665,0.6306156426216385
graph_only_v2_softmax,47,0.7202384745125416,1.3884290209250503,0.29725754714817676
graph_only_v2_softmax,48,0.9049077105299402,1.1050850692988028,0.9432653871745912
graph_only_v2_softmax,49,0.3673522057323967,2.722183192030335,0.9279538550224115
graph_only_v2_softmax,50,0.7133042771445349,1.4019262635058793,0.335456424284853
rs_selection,20,1.0,1.0,
rs_selection,21,1.0,1.0,0.0
rs_selection,22,1.0,1.0,1.0
rs_selection,23,1.0,1.0,1.0
rs_selection,24,1.0,1.0,1.0
rs_selection,25,1.0,1.0,1.0
rs_selection,26,1.0,1.0,0.0
rs_selection,27,1.0,1.0,0.0
rs_selection,28,1.0,1.0,1.0
rs_selection,29,1.0,1.0,1.0
rs_selection,30,1.0,1.0,1.0
rs_selection,31,1.0,1.0,1.0
rs_selection,32,1.0,1.0,1.0
rs_selection,33,1.0,1.0,1.0
rs_selection,34,1.0,1.0,1.0
rs_selection,35,1.0,1.0,0.0
rs_selection,36,1.0,1.0,0.0
rs_selection,37,1.0,1.0,0.0
rs_selection,38,1.0,1.0,1.0
rs_selection,39,1.0,1.0,0.0
rs_selection,40,1.0,1.0,1.0
rs_selection,41,1.0,1.0,0.0
rs_selection,42,1.0,1.0,1.0
rs_selection,43,1.0,1.0,0.0
rs_selection,44,1.0,1.0,0.0
rs_selection,45,1.0,1.0,1.0
rs_selection,46,1.0,1.0,1.0
rs_selection,47,1.0,1.0,1.0
rs_selection,48,1.0,1.0,0.0
rs_selection,49,1.0,1.0,0.0
rs_selection,50,1.0,1.0,1.0
rs_selection_v2,20,1.0,1.0,
rs_selection_v2,21,1.0,1.0,0.0
rs_selection_v2,22,1.0,1.0,0.0
rs_selection_v2,23,1.0,1.0,0.0
rs_selection_v2,24,1.0,1.0,0.0
rs_selection_v2,25,1.0,1.0,0.0
rs_selection_v2,26,1.0,1.0,0.0
rs_selection_v2,27,1.0,1.0,0.0
rs_selection_v2,28,1.0,1.0,0.0
rs_selection_v2,29,1.0,1.0,0.0
rs_selection_v2,30,1.0,1.0,0.0
rs_selection_v2,31,1.0,1.0,1.0
rs_selection_v2,32,1.0,1.0,0.0
rs_selection_v2,33,1.0,1.0,0.0
rs_selection_v2,34,1.0,1.0,1.0
rs_selection_v2,35,1.0,1.0,0.0
rs_selection_v2,36,1.0,1.0,1.0
rs_selection_v2,37,1.0,1.0,0.0
rs_selection_v2,38,1.0,1.0,0.0
rs_selection_v2,39,1.0,1.0,0.0
rs_selection_v2,40,1.0,1.0,0.0
rs_selection_v2,41,1.0,1.0,1.0
rs_selection_v2,42,1.0,1.0,1.0
rs_selection_v2,43,1.0,1.0,0.0
rs_selection_v2,44,1.0,1.0,1.0
rs_selection_v2,45,1.0,1.0,0.0
rs_selection_v2,46,1.0,1.0,0.0
rs_selection_v2,47,1.0,1.0,1.0
rs_selection_v2,48,1.0,1.0,0.0
rs_selection_v2,49,1.0,1.0,0.0
rs_selection_v2,50,1.0,1.0,0.0
bates_granger_mv,20,0.9999999999979998,1.0000000000020002,
bates_granger_mv,21,0.9999999999979996,1.0000000000020004,2.0172949025219256e-16
bates_granger_mv,22,0.9999999999979998,1.0000000000020002,1.7744336158854155e-16
bates_granger_mv,23,0.9999999999979996,1.0000000000020004,9.627715291667202e-17
bates_granger_mv,24,0.5535053163160577,1.8066673806417224,0.3364376016356681
bates_granger_mv,25,0.521702237226741,1.9168022075500173,0.0593936957038171
bates_granger_mv,26,0.5281518694858285,1.8933947937617444,0.22281074724545852
bates_granger_mv,27,0.5545218963373081,1.803355298690881,0.04646685332485757
bates_granger_mv,28,0.536203985721718,1.8649618925417413,0.03056525123250704
bates_granger_mv,29,0.5180378587527048,1.9303608473861926,0.03957560270060976
bates_granger_mv,30,0.520080753573981,1.9227783245736876,0.19516972453939133
bates_granger_mv,31,0.6961976972952767,1.4363736103767553,0.21300567670792234
bates_granger_mv,32,0.6535834977269522,1.5300263906261757,0.0360941153202431
bates_granger_mv,33,0.6687504799452842,1.495326029645344,0.01336092208736887
bates_granger_mv,34,0.5940914599135116,1.6832425097401347,0.07357388751079276
bates_granger_mv,35,0.764039577042609,1.3088327228685326,0.2141508269242322
bates_granger_mv,36,0.8182491837082421,1.222121598054125,0.06894889654880555
bates_granger_mv,37,0.6621752443534076,1.5101742454544147,0.1623367093307062
bates_granger_mv,38,0.6322848161785551,1.581565734954488,0.0804816270732381
bates_granger_mv,39,0.4294211981156556,2.328715965555736,0.2253184806502347
bates_granger_mv,40,0.47507555194674345,2.1049283548737554,0.37314492010005185
bates_granger_mv,41,0.6730079178532195,1.4858666198011898,0.1956521529472623
bates_granger_mv,42,0.9999999999979996,1.0000000000020004,0.20588444630145117
bates_granger_mv,43,0.9999999999979994,1.0000000000020006,1.4152733982056273e-16
bates_granger_mv,44,0.5013131188944442,1.994761282539982,0.47437658399534144
bates_granger_mv,45,0.9999999999979994,1.0000000000020006,0.5256234160036584
bates_granger_mv,46,0.9999999999979972,1.0000000000020028,1.0894063429129004e-15
bates_granger_mv,47,0.9999999999979998,1.0000000000020002,1.3392065234534222e-15
bates_granger_mv,48,0.9999999999979987,1.0000000000020013,6.140921104954531e-16
bates_granger_mv,49,0.8222196173105386,1.2162200693665968,0.09861513648846774
bates_granger_mv,50,0.9999999999979994,1.0000000000020006,0.0986151364884681
var_error,20,0.7266665963248761,1.3761469222027136,
var_error,21,0.9999999999979994,1.0000000000020006,0.1633498876232552
var_error,22,0.9999999999979994,1.0000000000020006,1.5092094240983125e-16
var_error,23,0.5712341218222383,1.750595704629824,0.6887248285505392
var_error,24,0.3630106812823738,2.754739878362239,0.37161335807216084
var_error,25,0.3203608129682116,3.1214804043440445,0.15409781915254542
var_error,26,0.5061221317925426,1.9758076898520136,0.47428882277429363
var_error,27,0.5991606342045652,1.6690015046258535,0.7253638350803164
var_error,28,0.3419144477787028,2.9247082318300563,0.33641148208719596
var_error,29,0.44124972939089036,2.2662903417083546,0.5290142143799222
var_error,30,0.6426045932612637,1.5561669033906673,0.48044916576610397
var_error,31,0.5000170902237568,1.9999316414414987,0.4970767975811893
var_error,32,0.6204366794787023,1.6117680225485878,0.2483174560997105
var_error,33,0.34687196766412487,2.8829080848882467,0.3219824321997911
var_error,34,0.6468929654904552,1.545850787296519,0.5088640022527373
var_error,35,0.4499160736150386,2.2226367508168408,0.8040080696661629
var_error,36,0.9999999999979994,1.0000000000020006,0.8040080696661629
var_error,37,0.9999999999979992,1.0000000000020008,2.7384302483941245e-16
var_error,38,0.9999999999979998,1.0000000000020002,3.7098753949412755e-16
var_error,39,0.7065291411431994,1.4153697869870592,0.8213480520740387
var_error,40,0.49939106208879136,2.002438721705037,0.971919119096204
var_error,41,0.7994188039181468,1.250908779101462,0.28631366347437137
var_error,42,0.9999999999979985,1.0000000000020015,0.9999999999989994
var_error,43,0.9999999999979912,1.0000000000020088,0.9999999999989966
var_error,44,0.9999999999979508,1.0000000000020492,0.9999999999989893
var_error,45,0.9999999999979998,1.0000000000020002,2.4627473239932693e-14
var_error,46,0.9999999999979998,1.0000000000020002,0.0
var_error,47,0.9999999999978189,1.0000000000021811,9.050346979998299e-14
var_error,48,0.3336302448459148,2.997330174492556,0.6801099659967434
var_error,49,0.342837603542988,2.916832896000019,0.4031816484582942
var_error,50,0.9999999999979869,1.000000000002013,0.6026471644022033
recent_best,20,1.0,1.0,
recent_best,21,1.0,1.0,0.0
recent_best,22,1.0,1.0,0.0
recent_best,23,1.0,1.0,0.0
recent_best,24,1.0,1.0,0.0
recent_best,25,1.0,1.0,0.0
recent_best,26,1.0,1.0,0.0
recent_best,27,1.0,1.0,0.0
recent_best,28,1.0,1.0,0.0
recent_best,29,1.0,1.0,0.0
recent_best,30,1.0,1.0,1.0
recent_best,31,1.0,1.0,0.0
recent_best,32,1.0,1.0,0.0
recent_best,33,1.0,1.0,0.0
recent_best,34,1.0,1.0,0.0
recent_best,35,1.0,1.0,0.0
recent_best,36,1.0,1.0,1.0
recent_best,37,1.0,1.0,0.0
recent_best,38,1.0,1.0,1.0
recent_best,39,1.0,1.0,0.0
recent_best,40,1.0,1.0,1.0
recent_best,41,1.0,1.0,1.0
recent_best,42,1.0,1.0,1.0
recent_best,43,1.0,1.0,0.0
recent_best,44,1.0,1.0,0.0
recent_best,45,1.0,1.0,1.0
recent_best,46,1.0,1.0,0.0
recent_best,47,1.0,1.0,0.0
recent_best,48,1.0,1.0,0.0
recent_best,49,1.0,1.0,0.0
recent_best,50,1.0,1.0,0.0
equal,20,0.25,4.0,
equal,21,0.25,4.0,0.0
equal,22,0.25,4.0,0.0
equal,23,0.25,4.0,0.0
equal,24,0.25,4.0,0.0
equal,25,0.25,4.0,0.0
equal,26,0.25,4.0,0.0
equal,27,0.25,4.0,0.0
equal,28,0.25,4.0,0.0
equal,29,0.25,4.0,0.0
equal,30,0.25,4.0,0.0
equal,31,0.25,4.0,0.0
equal,32,0.25,4.0,0.0
equal,33,0.25,4.0,0.0
equal,34,0.25,4.0,0.0
equal,35,0.25,4.0,0.0
equal,36,0.25,4.0,0.0
equal,37,0.25,4.0,0.0
equal,38,0.25,4.0,0.0
equal,39,0.25,4.0,0.0
equal,40,0.25,4.0,0.0
equal,41,0.25,4.0,0.0
equal,42,0.25,4.0,0.0
equal,43,0.25,4.0,0.0
equal,44,0.25,4.0,0.0
equal,45,0.25,4.0,0.0
equal,46,0.25,4.0,0.0
equal,47,0.25,4.0,0.0
equal,48,0.25,4.0,0.0
equal,49,0.25,4.0,0.0
equal,50,0.25,4.0,0.0
